key,0,1,2,3,4,5,6,7,8,9,10,11,12,13,14,15,16,17,18,19
#,Number,Icon,Stats,Description,LocationKey,Location,RequiredForQuest,PreviousQuest,TargetsEnemy,TargetsSelfOrAlly,CauseSlow,CausePetrify,CauseParalysis,CauseInterrupt,CauseBlind,CauseStun,CauseSleep,CauseBind,CauseHeavy,CauseDeath
int32,byte,Image,str,str,byte,Row,Quest,Quest,bit&01,bit&02,bit&04,bit&08,bit&10,bit&20,bit&40,bit&80,bit&01,bit&02,bit&04,bit&08
0,0,0,"","",0,0,0,0,False,False,False,False,False,False,False,False,False,False,False,False
1,25,72201,"<UIForeground>F201F8</UIForeground><UIGlow>F201F9</UIGlow>Typus: <UIGlow>01</UIGlow><UIForeground>01</UIForeground>Magie
<UIForeground>F201F8</UIForeground><UIGlow>F201F9</UIGlow>Element: <UIGlow>01</UIGlow><UIForeground>01</UIForeground>Wind
<UIForeground>F201F8</UIForeground><UIGlow>F201F9</UIGlow>Rang: <UIGlow>01</UIGlow><UIForeground>01</UIForeground>★★★★
","Typhons Spezialwaffe.
Ein kräftiger Nieser, der fächerförmig vor dem Wirkenden alle Gegner erfasst. Neben dem starken Windstoß zieht auch der Ekel die Getroffenen nicht unerheblich in Leidenschaft.",4,81,0,0,True,False,False,False,False,False,False,False,False,False,False,False
2,26,72202,"<UIForeground>F201F8</UIForeground><UIGlow>F201F9</UIGlow>Typus: <UIGlow>01</UIGlow><UIForeground>01</UIForeground>Physisch/Schlag
<UIForeground>F201F8</UIForeground><UIGlow>F201F9</UIGlow>Element: <UIGlow>01</UIGlow><UIForeground>01</UIForeground>Neutral
<UIForeground>F201F8</UIForeground><UIGlow>F201F9</UIGlow>Rang: <UIGlow>01</UIGlow><UIForeground>01</UIForeground>★★★★
","Ultros' Spezialattacke.
Ein wahrlich niederschmetternder Angriff, dessen Wirkung von seinen Opfern als „erdrückend“ beschrieben wird.",4,81,0,0,True,False,False,False,False,False,False,False,False,False,True,False
3,1,72203,"<UIForeground>F201F8</UIForeground><UIGlow>F201F9</UIGlow>Typus: <UIGlow>01</UIGlow><UIForeground>01</UIForeground>Magie
<UIForeground>F201F8</UIForeground><UIGlow>F201F9</UIGlow>Element: <UIGlow>01</UIGlow><UIForeground>01</UIForeground>Wasser
<UIForeground>F201F8</UIForeground><UIGlow>F201F9</UIGlow>Rang: <UIGlow>01</UIGlow><UIForeground>01</UIForeground>★
","Angriffszauber der Kraken.
Schießt mit Hochdruck einen harten Wasserstrahl auf den Gegner. Sammelt den in der Luft enthaltenen wasserbasierten Äther und kann deshalb auch an trockenen Orten eingesetzt werden.",3,0,0,0,True,False,False,False,False,False,False,False,False,False,False,False
4,9,72204,"<UIForeground>F201F8</UIForeground><UIGlow>F201F9</UIGlow>Typus: <UIGlow>01</UIGlow><UIForeground>01</UIForeground>Magie
<UIForeground>F201F8</UIForeground><UIGlow>F201F9</UIGlow>Element: <UIGlow>01</UIGlow><UIForeground>01</UIForeground>Neutral
<UIForeground>F201F8</UIForeground><UIGlow>F201F9</UIGlow>Rang: <UIGlow>01</UIGlow><UIForeground>01</UIForeground>★★
","Natürliches Talent der Sirenen.
Ein betörender Gesang, der sich unweigerlich in das Innere seiner Opfer bohrt und so starke - wenn auch eingebildete - Schmerzen hervorruft, dass sie körperliche Schäden hinterlassen.",4,17,0,0,True,False,False,False,False,False,False,False,False,False,False,False
5,6,72205,"<UIForeground>F201F8</UIForeground><UIGlow>F201F9</UIGlow>Typus: <UIGlow>01</UIGlow><UIForeground>01</UIForeground>Magie
<UIForeground>F201F8</UIForeground><UIGlow>F201F9</UIGlow>Element: <UIGlow>01</UIGlow><UIForeground>01</UIForeground>Blitz
<UIForeground>F201F8</UIForeground><UIGlow>F201F9</UIGlow>Rang: <UIGlow>01</UIGlow><UIForeground>01</UIForeground>★★★★
","Ein technologiebasierter Zauber der Allager.
Der Stromschlag mit Flächenwirkung wird durch eine Ansammlung von Blitzäther erzeugt, kann aber aufgrund einer komplizierten Verstrickungsmagie auch von unbeseelten Maschinen ausgeführt werden.",4,93,0,0,True,False,False,False,True,False,False,False,False,False,False,False
6,28,72206,"<UIForeground>F201F8</UIForeground><UIGlow>F201F9</UIGlow>Typus: <UIGlow>01</UIGlow><UIForeground>01</UIForeground>Magie
<UIForeground>F201F8</UIForeground><UIGlow>F201F9</UIGlow>Element: <UIGlow>01</UIGlow><UIForeground>01</UIForeground>Neutral
<UIForeground>F201F8</UIForeground><UIGlow>F201F9</UIGlow>Rang: <UIGlow>01</UIGlow><UIForeground>01</UIForeground>★★★
","Hinterhältiger Angriff der Morbol.
Wind oder Erde sollen einen großen Anteil an dieser müffeligen Flächenattacke haben, aber auch die anderen Elemente, in ihrer verdorbensten Form, müssen eine Rolle spielen. Kein Element alleine kann so stinken.",1,54,0,0,True,False,True,False,True,True,True,False,False,False,True,False
7,4,72207,"<UIForeground>F201F8</UIForeground><UIGlow>F201F9</UIGlow>Typus: <UIGlow>01</UIGlow><UIForeground>01</UIForeground>Physisch/Schlag
<UIForeground>F201F8</UIForeground><UIGlow>F201F9</UIGlow>Element: <UIGlow>01</UIGlow><UIForeground>01</UIForeground>Neutral
<UIForeground>F201F8</UIForeground><UIGlow>F201F9</UIGlow>Rang: <UIGlow>01</UIGlow><UIForeground>01</UIForeground>★★★
","Aggressivverhalten der Anzu.
Um ihre Jungtiere zu schützen, haben die Anzu eine Attacke entwickelt, mit der sie ihren ganzen Zorn in einem angsterfüllenden Angriff bündeln, der beim Opfer bleibende Schäden hinterlässt.",4,17,0,0,True,False,False,False,False,False,False,False,False,False,False,False
8,3,72208,"<UIForeground>F201F8</UIForeground><UIGlow>F201F9</UIGlow>Typus: <UIGlow>01</UIGlow><UIForeground>01</UIForeground>Magie
<UIForeground>F201F8</UIForeground><UIGlow>F201F9</UIGlow>Element: <UIGlow>01</UIGlow><UIForeground>01</UIForeground>Wasser
<UIForeground>F201F8</UIForeground><UIGlow>F201F9</UIGlow>Rang: <UIGlow>01</UIGlow><UIForeground>01</UIForeground>★★★★
","Zum Standardrepertoire gehörender Wasserzauber.
Umfasst Gegner mit einer gewaltigen Wasserfontäne, die zu allem Übel auch noch mit Giftstoffen versetzt ist. Wohl bekomms.",4,81,0,0,True,False,False,False,False,False,False,False,False,False,False,False
9,11,72209,"<UIForeground>F201F8</UIForeground><UIGlow>F201F9</UIGlow>Typus: <UIGlow>01</UIGlow><UIForeground>01</UIForeground>Magie
<UIForeground>F201F8</UIForeground><UIGlow>F201F9</UIGlow>Element: <UIGlow>01</UIGlow><UIForeground>01</UIForeground>Erde
<UIForeground>F201F8</UIForeground><UIGlow>F201F9</UIGlow>Rang: <UIGlow>01</UIGlow><UIForeground>01</UIForeground>★★
","Gabe erdbasierter Magiewesen.
Lässt durch Manipulation des Umgebungsäthers örtliche Erdbeben entstehen, die teils gewaltige Ausmaße annehmen können.",4,18,0,0,True,False,False,False,False,False,False,False,False,False,False,False
10,18,72210,"<UIForeground>F201F8</UIForeground><UIGlow>F201F9</UIGlow>Typus: <UIGlow>01</UIGlow><UIForeground>01</UIForeground>Magie
<UIForeground>F201F8</UIForeground><UIGlow>F201F9</UIGlow>Element: <UIGlow>01</UIGlow><UIForeground>01</UIForeground>Neutral
<UIForeground>F201F8</UIForeground><UIGlow>F201F9</UIGlow>Rang: <UIGlow>01</UIGlow><UIForeground>01</UIForeground>★
","Abwehrmechanismus von Baumschraten und anderen Waldwesen.
Streut magische Eicheln, die in einer Kettenexplosion detonieren und dabei einen schläfrig machenden Wirkstoff freisetzen. Eigentlich zur Abwehr von Fressfeinden und Parasiten entwickelt.",1,57,0,0,True,False,False,False,False,False,False,False,True,False,False,False
11,12,72211,"<UIForeground>F201F8</UIForeground><UIGlow>F201F9</UIGlow>Typus: <UIGlow>01</UIGlow><UIForeground>01</UIForeground>Magie
<UIForeground>F201F8</UIForeground><UIGlow>F201F9</UIGlow>Element: <UIGlow>01</UIGlow><UIForeground>01</UIForeground>Neutral
<UIForeground>F201F8</UIForeground><UIGlow>F201F9</UIGlow>Rang: <UIGlow>01</UIGlow><UIForeground>01</UIForeground>★★
","Kampfinstinkt wilder Kreaturen.
Entfesselt den angeborenen Tötungsinstinkt von jagdtreibenden Bestien und steigert, wenn von Magiern gewirkt, die Angriffskraft von anderen Blauzaubern.",1,55,0,0,False,True,False,False,False,False,False,False,False,False,False,False
12,41,72212,"<UIForeground>F201F8</UIForeground><UIGlow>F201F9</UIGlow>Typus: <UIGlow>01</UIGlow><UIForeground>01</UIForeground>Magie
<UIForeground>F201F8</UIForeground><UIGlow>F201F9</UIGlow>Element: <UIGlow>01</UIGlow><UIForeground>01</UIForeground>Neutral
<UIForeground>F201F8</UIForeground><UIGlow>F201F9</UIGlow>Rang: <UIGlow>01</UIGlow><UIForeground>01</UIForeground>★
","Mentale Attacke der Seelenschinder.
Lähmt Geist wie Körper<Indent/>- eine Angewohnheit, die sich auch ein gewisses brutales Konstrukt der Indigohand zu Nutze gemacht hat.",4,2,68731,68730,True,False,False,False,True,False,False,False,False,False,False,False
13,17,72213,"<UIForeground>F201F8</UIForeground><UIGlow>F201F9</UIGlow>Typus: <UIGlow>01</UIGlow><UIForeground>01</UIForeground>Magie
<UIForeground>F201F8</UIForeground><UIGlow>F201F9</UIGlow>Element: <UIGlow>01</UIGlow><UIForeground>01</UIForeground>Neutral
<UIForeground>F201F8</UIForeground><UIGlow>F201F9</UIGlow>Rang: <UIGlow>01</UIGlow><UIForeground>01</UIForeground>★
","Fressmethode von Fledermäusen und Stechmücken.
Durch die Entziehung von Blut wird dem Opfer Körperäther entnommen und das eigene magische Potenzial aufgebaut. Wilde Tiere haben diese Fähigkeit aus ihrer täglichen Nah<SoftHyphen/>rungs<SoftHyphen/>auf<SoftHyphen/>nahme entwickelt.",1,31,68730,68729,True,True,False,False,False,False,False,False,False,False,False,False
14,19,72214,"<UIForeground>F201F8</UIForeground><UIGlow>F201F9</UIGlow>Typus: <UIGlow>01</UIGlow><UIForeground>01</UIForeground>Magie
<UIForeground>F201F8</UIForeground><UIGlow>F201F9</UIGlow>Element: <UIGlow>01</UIGlow><UIForeground>01</UIForeground>Feuer
<UIForeground>F201F8</UIForeground><UIGlow>F201F9</UIGlow>Rang: <UIGlow>01</UIGlow><UIForeground>01</UIForeground>★★
","Imitation goblinscher Bombenattacken.
Ein Blauzauber, der die mit magischen Elementen verstärkten Bombenwürfe der Goblins imitiert.",1,30,0,0,True,False,False,False,False,False,False,True,False,False,False,False
15,36,72215,"<UIForeground>F201F8</UIForeground><UIGlow>F201F9</UIGlow>Typus: <UIGlow>01</UIGlow><UIForeground>01</UIForeground>Physisch/Stich
<UIForeground>F201F8</UIForeground><UIGlow>F201F9</UIGlow>Element: <UIGlow>01</UIGlow><UIForeground>01</UIForeground>Neutral
<UIForeground>F201F8</UIForeground><UIGlow>F201F9</UIGlow>Rang: <UIGlow>01</UIGlow><UIForeground>01</UIForeground>★★★★
","Natürlicher Abwehrmechanismus der Sabotender.
Die winzigen Nadeln sind magische Imitate, aber die von ihnen verursachten Schmerzen und Wunden sind sehr real.",1,45,68733,68732,True,False,False,False,False,False,False,False,False,False,False,False
16,5,72216,"<UIForeground>F201F8</UIForeground><UIGlow>F201F9</UIGlow>Typus: <UIGlow>01</UIGlow><UIForeground>01</UIForeground>Physisch/Stich
<UIForeground>F201F8</UIForeground><UIGlow>F201F9</UIGlow>Element: <UIGlow>01</UIGlow><UIForeground>01</UIForeground>Neutral
<UIForeground>F201F8</UIForeground><UIGlow>F201F9</UIGlow>Rang: <UIGlow>01</UIGlow><UIForeground>01</UIForeground>★★
","Magitek-basierte Werktechnik.
Die hochdrehzahlige Rotation erzeugt eine erschreckende Durchschlagskraft, die besonders bei versteinerten Gegnern fürchterliche Schäden anrichtet.",1,46,0,0,True,False,False,False,False,False,False,False,False,False,False,False
17,27,72217,"<UIForeground>F201F8</UIForeground><UIGlow>F201F9</UIGlow>Typus: <UIGlow>01</UIGlow><UIForeground>01</UIForeground>Magie
<UIForeground>F201F8</UIForeground><UIGlow>F201F9</UIGlow>Element: <UIGlow>01</UIGlow><UIForeground>01</UIForeground>Neutral
<UIForeground>F201F8</UIForeground><UIGlow>F201F9</UIGlow>Rang: <UIGlow>01</UIGlow><UIForeground>01</UIForeground>★★
","Kampftechnik der Dahak und anderer Nichts<SoftHyphen/>gesand<SoftHyphen/>ter.
Magische Konzentration böser Absichten, die über dem Schlachtfeld ausgestrahlt wird und die Feindseligkeit gegnerischer Truppen auf den Wirkenden zieht.",4,14,0,0,True,False,False,False,False,False,False,False,False,False,False,False
18,15,72218,"<UIForeground>F201F8</UIForeground><UIGlow>F201F9</UIGlow>Typus: <UIGlow>01</UIGlow><UIForeground>01</UIForeground>Physisch/Hieb
<UIForeground>F201F8</UIForeground><UIGlow>F201F9</UIGlow>Element: <UIGlow>01</UIGlow><UIForeground>01</UIForeground>Neutral
<UIForeground>F201F8</UIForeground><UIGlow>F201F9</UIGlow>Rang: <UIGlow>01</UIGlow><UIForeground>01</UIForeground>★★★★
","Lieblingswaffe der Tomberrys.
Ein gefürchteter Angriff. Die mit einem hasserfüllten Grinsen geführte Waffe vermag das Opfer zu verkrüppeln und zu lähmen.",4,10,0,0,True,False,False,False,False,False,False,False,False,False,False,False
19,7,72219,"<UIForeground>F201F8</UIForeground><UIGlow>F201F9</UIGlow>Typus: <UIGlow>01</UIGlow><UIForeground>01</UIForeground>Magie
<UIForeground>F201F8</UIForeground><UIGlow>F201F9</UIGlow>Element: <UIGlow>01</UIGlow><UIForeground>01</UIForeground>Neutral
<UIForeground>F201F8</UIForeground><UIGlow>F201F9</UIGlow>Rang: <UIGlow>01</UIGlow><UIForeground>01</UIForeground>★
","Niederer Transportzauber.
Löst den Körper in seine ätherischen Bestandteile auf, wodurch er über eine kurze Distanz durch den Ätherstrom gleiten und an anderer Stelle materialisiert werden kann. Gut geeignet für Fluchtmanöver.",1,46,0,0,False,False,False,False,False,False,False,False,False,False,False,False
20,2,72220,"<UIForeground>F201F8</UIForeground><UIGlow>F201F9</UIGlow>Typus: <UIGlow>01</UIGlow><UIForeground>01</UIForeground>Magie
<UIForeground>F201F8</UIForeground><UIGlow>F201F9</UIGlow>Element: <UIGlow>01</UIGlow><UIForeground>01</UIForeground>Feuer
<UIForeground>F201F8</UIForeground><UIGlow>F201F9</UIGlow>Rang: <UIGlow>01</UIGlow><UIForeground>01</UIForeground>★★★★
","Strahlförmige Feuerattacke.
Die nach vorne gerichtete Konzentration von Feueräther verhält sich wie eine hochentzündliche Flüssigkeit, die sich an das be<SoftHyphen/>mit<SoftHyphen/>leidens<SoftHyphen/>werte Opfer heftet.",4,20,0,0,True,False,False,False,False,False,False,False,False,False,False,False
21,23,72221,"<UIForeground>F201F8</UIForeground><UIGlow>F201F9</UIGlow>Typus: <UIGlow>01</UIGlow><UIForeground>01</UIForeground>Magie
<UIForeground>F201F8</UIForeground><UIGlow>F201F9</UIGlow>Element: <UIGlow>01</UIGlow><UIForeground>01</UIForeground>Neutral
<UIForeground>F201F8</UIForeground><UIGlow>F201F9</UIGlow>Rang: <UIGlow>01</UIGlow><UIForeground>01</UIForeground>★★★
","List der Qiqirn.
Die fleischfressenden Qiqirn verängstigen ihre Opfer mit einer magischen Schockwelle aus der hohlen Hand, bevor sie sich geifernd daran machen, sie zu verzehren.",1,32,68732,68731,True,False,False,False,False,False,False,True,False,False,False,False
22,10,72222,"<UIForeground>F201F8</UIForeground><UIGlow>F201F9</UIGlow>Typus: <UIGlow>01</UIGlow><UIForeground>01</UIForeground>Magie
<UIForeground>F201F8</UIForeground><UIGlow>F201F9</UIGlow>Element: <UIGlow>01</UIGlow><UIForeground>01</UIForeground>Blitz
<UIForeground>F201F8</UIForeground><UIGlow>F201F9</UIGlow>Rang: <UIGlow>01</UIGlow><UIForeground>01</UIForeground>★★★★
","Kraft des Zyklopen.
Entfesselt einen stark gebündelten Lichtstrahl, der wie ein Blitz niedergeht und den Gegner betäubt.",4,5,68734,68733,True,False,False,False,True,False,False,False,False,False,False,False
23,35,72223,"<UIForeground>F201F8</UIForeground><UIGlow>F201F9</UIGlow>Typus: <UIGlow>01</UIGlow><UIForeground>01</UIForeground>Magie
<UIForeground>F201F8</UIForeground><UIGlow>F201F9</UIGlow>Element: <UIGlow>01</UIGlow><UIForeground>01</UIForeground>Neutral
<UIForeground>F201F8</UIForeground><UIGlow>F201F9</UIGlow>Rang: <UIGlow>01</UIGlow><UIForeground>01</UIForeground>★★★★
","Blaumagische Technologienachbildung.
Eine ätherisch gelenkte Waffe, deren Detonation beim Aufschlag auch gut gepanzerten Gegnern großen Schaden zufügt.",4,85,0,0,True,False,False,False,False,False,False,False,False,False,False,True
24,13,72224,"<UIForeground>F201F8</UIForeground><UIGlow>F201F9</UIGlow>Typus: <UIGlow>01</UIGlow><UIForeground>01</UIForeground>Magie
<UIForeground>F201F8</UIForeground><UIGlow>F201F9</UIGlow>Element: <UIGlow>01</UIGlow><UIForeground>01</UIForeground>Neutral
<UIForeground>F201F8</UIForeground><UIGlow>F201F9</UIGlow>Rang: <UIGlow>01</UIGlow><UIForeground>01</UIForeground>★★★
","Archaischer Heilzauber.
Warme Winde tragen heilende Ätherkraft über einen begrenzten Bereich. Die große Heilwirkung verlangt dem Wirkenden einiges an Kräften ab.",2,0,0,0,False,True,False,False,False,False,False,False,False,False,False,False
25,8,72225,"<UIForeground>F201F8</UIForeground><UIGlow>F201F9</UIGlow>Typus: <UIGlow>01</UIGlow><UIForeground>01</UIForeground>Physisch/Stich
<UIForeground>F201F8</UIForeground><UIGlow>F201F9</UIGlow>Element: <UIGlow>01</UIGlow><UIForeground>01</UIForeground>Neutral
<UIForeground>F201F8</UIForeground><UIGlow>F201F9</UIGlow>Rang: <UIGlow>01</UIGlow><UIForeground>01</UIForeground>★★
","Attacke der Vespula.
Die tödlich verletzte Vespula verwandelt den letzten Rest ihrer Lebenskraft in einen hochgiftigen Stachelstich, mit dem sie ihren Bezwinger mit in den Tod reißt.",1,30,0,0,True,False,False,False,False,False,False,False,False,False,False,False
26,21,72226,"<UIForeground>F201F8</UIForeground><UIGlow>F201F9</UIGlow>Typus: <UIGlow>01</UIGlow><UIForeground>01</UIForeground>Magie
<UIForeground>F201F8</UIForeground><UIGlow>F201F9</UIGlow>Element: <UIGlow>01</UIGlow><UIForeground>01</UIForeground>Feuer
<UIForeground>F201F8</UIForeground><UIGlow>F201F9</UIGlow>Rang: <UIGlow>01</UIGlow><UIForeground>01</UIForeground>★
","Typische Attacke der Bomber.
Verwandelt den gesamten Äther urplötzlich in feuerbasierten und löst so eine Explosion aus. Besonders gefährlich in ölverschmierten Umgebungen.",1,42,0,0,True,False,False,False,False,False,False,False,False,False,False,False
27,22,72227,"<UIForeground>F201F8</UIForeground><UIGlow>F201F9</UIGlow>Typus: <UIGlow>01</UIGlow><UIForeground>01</UIForeground>Magie
<UIForeground>F201F8</UIForeground><UIGlow>F201F9</UIGlow>Element: <UIGlow>01</UIGlow><UIForeground>01</UIForeground>---
<UIForeground>F201F8</UIForeground><UIGlow>F201F9</UIGlow>Rang: <UIGlow>01</UIGlow><UIForeground>01</UIForeground>★★
","Blaumagie aus der Geisterwelt der Neuen Welt.
Opfert die eigene Lebensenergie, um das Leiden eines anderen zu lindern und ihn vollständig zu heilen.",2,0,0,0,False,True,False,False,False,False,False,False,False,False,False,False
28,32,72228,"<UIForeground>F201F8</UIForeground><UIGlow>F201F9</UIGlow>Typus: <UIGlow>01</UIGlow><UIForeground>01</UIForeground>Magie
<UIForeground>F201F8</UIForeground><UIGlow>F201F9</UIGlow>Element: <UIGlow>01</UIGlow><UIForeground>01</UIForeground>---
<UIForeground>F201F8</UIForeground><UIGlow>F201F9</UIGlow>Rang: <UIGlow>01</UIGlow><UIForeground>01</UIForeground>★★★
","Von der Karpfenkröte erworbener Blauzauber.
Dieser Ausweichzauber ist der eigentliche Grund für die sagenhafte Schlüpfrigkeit der Karpfenkröte und streicht den Blaumagier mit glitschigem Öl ein. Manche stehen drauf, andere finden's widerlich.",1,42,0,0,False,True,False,False,False,False,False,False,False,False,False,False
29,20,72229,"<UIForeground>F201F8</UIForeground><UIGlow>F201F9</UIGlow>Typus: <UIGlow>01</UIGlow><UIForeground>01</UIForeground>Magie
<UIForeground>F201F8</UIForeground><UIGlow>F201F9</UIGlow>Element: <UIGlow>01</UIGlow><UIForeground>01</UIForeground>---
<UIForeground>F201F8</UIForeground><UIGlow>F201F9</UIGlow>Rang: <UIGlow>01</UIGlow><UIForeground>01</UIForeground>★★
","Blauzauber des Stammes der Riesen.
Ein uralter Fluch aus der Neuen Welt, der den Geist des Gegners zerfrisst und schwächt. Folgeangriffe können das wehrlos gewordene Opfer empfindlich treffen.",2,0,0,0,True,False,False,False,False,False,False,False,False,False,False,False
30,31,72230,"<UIForeground>F201F8</UIForeground><UIGlow>F201F9</UIGlow>Typus: <UIGlow>01</UIGlow><UIForeground>01</UIForeground>Physisch/Schlag
<UIForeground>F201F8</UIForeground><UIGlow>F201F9</UIGlow>Element: <UIGlow>01</UIGlow><UIForeground>01</UIForeground>Neutral
<UIForeground>F201F8</UIForeground><UIGlow>F201F9</UIGlow>Rang: <UIGlow>01</UIGlow><UIForeground>01</UIForeground>★★★★
","Von der Karpfenkröte erworbener Blauzauber.
Die Klebrigkeit der Zunge der Karpfenkröte ist legendär und ermöglicht ihr, Fressbeute von weit her heranzuziehen. Der Zauber imitiert diese Fähigkeit.",1,42,0,0,True,False,False,False,False,False,False,True,False,False,False,False
31,40,72231,"<UIForeground>F201F8</UIForeground><UIGlow>F201F9</UIGlow>Typus: <UIGlow>01</UIGlow><UIForeground>01</UIForeground>Magie
<UIForeground>F201F8</UIForeground><UIGlow>F201F9</UIGlow>Element: <UIGlow>01</UIGlow><UIForeground>01</UIForeground>---
<UIForeground>F201F8</UIForeground><UIGlow>F201F9</UIGlow>Rang: <UIGlow>01</UIGlow><UIForeground>01</UIForeground>★★★★
","Attacke des Karlabos.
Wirbelt den in der Schwanzspitze konzentrierten Äther auf den Feind, um ihm Lebensenergie zu entziehen. Erfordert eine hohe Kontrolle über den Äther und ist nicht leicht zu erlernen.",4,28,0,0,True,False,False,False,False,False,False,False,False,False,False,True
32,14,72232,"<UIForeground>F201F8</UIForeground><UIGlow>F201F9</UIGlow>Typus: <UIGlow>01</UIGlow><UIForeground>01</UIForeground>Magie
<UIForeground>F201F8</UIForeground><UIGlow>F201F9</UIGlow>Element: <UIGlow>01</UIGlow><UIForeground>01</UIForeground>---
<UIForeground>F201F8</UIForeground><UIGlow>F201F9</UIGlow>Rang: <UIGlow>01</UIGlow><UIForeground>01</UIForeground>★★
","Fluch der Ahriman und anderer Nichts<SoftHyphen/>gesand<SoftHyphen/>ten.
Setzt sich in den kleinen Rissen der Seele fest, die im Laufe des Lebens entstehen. Die Verderbnis, die sich ausbreitet, verhärtet nicht nur Herz und Gewissen.",4,6,0,0,True,False,False,True,False,False,False,False,False,False,False,False
33,39,72233,"<UIForeground>F201F8</UIForeground><UIGlow>F201F9</UIGlow>Typus: <UIGlow>01</UIGlow><UIForeground>01</UIForeground>Magie
<UIForeground>F201F8</UIForeground><UIGlow>F201F9</UIGlow>Element: <UIGlow>01</UIGlow><UIForeground>01</UIForeground>---
<UIForeground>F201F8</UIForeground><UIGlow>F201F9</UIGlow>Rang: <UIGlow>01</UIGlow><UIForeground>01</UIForeground>★
","Zauber der Nichts<SoftHyphen/>gesand<SoftHyphen/>ten.
Nichts<SoftHyphen/>gesand<SoftHyphen/>te der Neuen Welt versetzen mit diesem Zauber die Angehörigen eines Stammes Mondanbeter in Ekstase, um sich von ihnen verehren zu lassen.",2,0,0,0,False,True,False,False,False,False,False,False,False,False,False,False
34,42,72234,"<UIForeground>F201F8</UIForeground><UIGlow>F201F9</UIGlow>Typus: <UIGlow>01</UIGlow><UIForeground>01</UIForeground>Magie
<UIForeground>F201F8</UIForeground><UIGlow>F201F9</UIGlow>Element: <UIGlow>01</UIGlow><UIForeground>01</UIForeground>---
<UIForeground>F201F8</UIForeground><UIGlow>F201F9</UIGlow>Rang: <UIGlow>01</UIGlow><UIForeground>01</UIForeground>★★★★
","Zauber der Nichts<SoftHyphen/>gesand<SoftHyphen/>ten.
Ein enorm starker Fluch aus der Neuen Welt, der dem Opfer jeglichen Lebenswillen entzieht. Wirkt allerdings nicht zuverlässig.",2,0,0,0,True,False,False,False,False,False,False,False,False,False,False,True
35,30,72235,"<UIForeground>F201F8</UIForeground><UIGlow>F201F9</UIGlow>Typus: <UIGlow>01</UIGlow><UIForeground>01</UIForeground>Magie
<UIForeground>F201F8</UIForeground><UIGlow>F201F9</UIGlow>Element: <UIGlow>01</UIGlow><UIForeground>01</UIForeground>---
<UIForeground>F201F8</UIForeground><UIGlow>F201F9</UIGlow>Rang: <UIGlow>01</UIGlow><UIForeground>01</UIForeground>★★★★
","Blauzauber aus den Meeren der Neuen Welt.
Schutzzauber eines dünnhäutigen Meeresbewohners, mit dem er eine magische Mauer um sich errichtet und Fressfeinde abhält.",2,0,0,0,False,True,False,False,False,False,False,False,False,False,False,False
36,16,72236,"<UIForeground>F201F8</UIForeground><UIGlow>F201F9</UIGlow>Typus: <UIGlow>01</UIGlow><UIForeground>01</UIForeground>Magie
<UIForeground>F201F8</UIForeground><UIGlow>F201F9</UIGlow>Element: <UIGlow>01</UIGlow><UIForeground>01</UIForeground>Eis
<UIForeground>F201F8</UIForeground><UIGlow>F201F9</UIGlow>Rang: <UIGlow>01</UIGlow><UIForeground>01</UIForeground>★
","Zauber der Nichts<SoftHyphen/>gesand<SoftHyphen/>ten.
Bündelt die Feindseligkeit eines Angreifers in eine eisbasierte Ätherspitze, die auf den Aggressor zurückgeschleudert werden kann.",1,54,0,0,False,True,True,False,False,False,False,False,False,False,False,False
37,33,72237,"<UIForeground>F201F8</UIForeground><UIGlow>F201F9</UIGlow>Typus: <UIGlow>01</UIGlow><UIForeground>01</UIForeground>Magie
<UIForeground>F201F8</UIForeground><UIGlow>F201F9</UIGlow>Element: <UIGlow>01</UIGlow><UIForeground>01</UIForeground>Eis
<UIForeground>F201F8</UIForeground><UIGlow>F201F9</UIGlow>Rang: <UIGlow>01</UIGlow><UIForeground>01</UIForeground>★★
","Angriffstalent der Chimära.
Aus dem Ziegenteil der Chimära stammende und zur Waffe gemachte Fähigkeit, mit dem Bergziegen der nördlichen Polarregionen den eisigen Umgebungsäther kontrollieren.",4,12,0,0,True,False,False,True,False,False,False,False,False,False,False,False
38,34,72238,"<UIForeground>F201F8</UIForeground><UIGlow>F201F9</UIGlow>Typus: <UIGlow>01</UIGlow><UIForeground>01</UIForeground>Magie
<UIForeground>F201F8</UIForeground><UIGlow>F201F9</UIGlow>Element: <UIGlow>01</UIGlow><UIForeground>01</UIForeground>Blitz
<UIForeground>F201F8</UIForeground><UIGlow>F201F9</UIGlow>Rang: <UIGlow>01</UIGlow><UIForeground>01</UIForeground>★★
","Angriffstalent der Chimära.
Eine blaumagische Version der Gabe, Blitze auf die Umgebung niederfahren zu lassen, welche die Chimära von ihrem Drachenteil geerbt hat. ",4,12,0,0,True,False,False,False,True,False,False,False,False,False,False,False
39,43,72239,"<UIForeground>F201F8</UIForeground><UIGlow>F201F9</UIGlow>Typus: <UIGlow>01</UIGlow><UIForeground>01</UIForeground>Magie
<UIForeground>F201F8</UIForeground><UIGlow>F201F9</UIGlow>Element: <UIGlow>01</UIGlow><UIForeground>01</UIForeground>---
<UIForeground>F201F8</UIForeground><UIGlow>F201F9</UIGlow>Rang: <UIGlow>01</UIGlow><UIForeground>01</UIForeground>★★
","Von Salamandern absorbierter Blauzauber.
Blendet Angreifer mit einem hellen Lichtblitz und steigert ihre Verwundbarkeit.",1,67,0,0,True,False,False,False,False,False,False,False,False,False,False,False
40,37,72240,"<UIForeground>F201F8</UIForeground><UIGlow>F201F9</UIGlow>Typus: <UIGlow>01</UIGlow><UIForeground>01</UIForeground>Magie
<UIForeground>F201F8</UIForeground><UIGlow>F201F9</UIGlow>Element: <UIGlow>01</UIGlow><UIForeground>01</UIForeground>---
<UIForeground>F201F8</UIForeground><UIGlow>F201F9</UIGlow>Rang: <UIGlow>01</UIGlow><UIForeground>01</UIForeground>★★★
","Von Kraken stammender Blauzauber.
Eine Weiterentwicklung der Wasserkanone, mit der Angreifer durch einen Strahl dickflüssiger Tinte geblendet werden.",4,28,0,0,True,False,False,False,False,False,True,False,False,False,False,False
41,24,72241,"<UIForeground>F201F8</UIForeground><UIGlow>F201F9</UIGlow>Typus: <UIGlow>01</UIGlow><UIForeground>01</UIForeground>Physisch/Stich
<UIForeground>F201F8</UIForeground><UIGlow>F201F9</UIGlow>Element: <UIGlow>01</UIGlow><UIForeground>01</UIForeground>Neutral
<UIForeground>F201F8</UIForeground><UIGlow>F201F9</UIGlow>Rang: <UIGlow>01</UIGlow><UIForeground>01</UIForeground>★
","Blaumagisches Imitat einer Apkallu-Attacke.
Dieser Zauber ahmt die unappetitliche Angewohnheit der Apkallu nach, ihren Gegnern verschluckte Fische ins Gesicht zu spucken. Verschlägt dem Opfer nicht selten die Sprache.",1,32,0,0,True,False,False,False,False,True,False,False,False,False,False,False
42,29,72242,"<UIForeground>F201F8</UIForeground><UIGlow>F201F9</UIGlow>Typus: <UIGlow>01</UIGlow><UIForeground>01</UIForeground>Magie
<UIForeground>F201F8</UIForeground><UIGlow>F201F9</UIGlow>Element: <UIGlow>01</UIGlow><UIForeground>01</UIForeground>---
<UIForeground>F201F8</UIForeground><UIGlow>F201F9</UIGlow>Rang: <UIGlow>01</UIGlow><UIForeground>01</UIForeground>★★★★
","Schutzzauber eines Panzerdrachen.
Eine Anhäufung von Erdäther errichtet eine magische Barriere, die Kleidung und Rüstung härtet und jegliche Bewegung unmöglich macht.",4,25,0,0,False,True,False,False,False,False,False,False,False,False,False,False
43,38,72243,"<UIForeground>F201F8</UIForeground><UIGlow>F201F9</UIGlow>Typus: <UIGlow>01</UIGlow><UIForeground>01</UIForeground>Physisch/Stich
<UIForeground>F201F8</UIForeground><UIGlow>F201F9</UIGlow>Element: <UIGlow>01</UIGlow><UIForeground>01</UIForeground>Feuer
<UIForeground>F201F8</UIForeground><UIGlow>F201F9</UIGlow>Rang: <UIGlow>01</UIGlow><UIForeground>01</UIForeground>★★★
","Traditionelle Attacke der Mamool Ja.
Ein Ango genannter, mit einer Prise Feueräther versehener Wurfspeer. Der Speer ist eine blaumagische Illusion, der Schmerz ist echt.",4,30,0,0,True,False,False,False,False,False,False,False,False,False,False,False
44,44,72244,"<UIForeground>F201F8</UIForeground><UIGlow>F201F9</UIGlow>Typus: <UIGlow>01</UIGlow><UIForeground>01</UIForeground>Magie
<UIForeground>F201F8</UIForeground><UIGlow>F201F9</UIGlow>Element: <UIGlow>01</UIGlow><UIForeground>01</UIForeground>Wind
<UIForeground>F201F8</UIForeground><UIGlow>F201F9</UIGlow>Rang: <UIGlow>01</UIGlow><UIForeground>01</UIForeground>★★★★★
","Garudas Gabe.
Unbarmherzig bohren sich die Federn der Windgöttin in ihre Opfer und lassen sie sich schmerzvoll winden.",4,65,0,0,True,False,False,False,False,False,False,False,False,False,False,False
45,45,72245,"<UIForeground>F201F8</UIForeground><UIGlow>F201F9</UIGlow>Typus: <UIGlow>01</UIGlow><UIForeground>01</UIForeground>Magie
<UIForeground>F201F8</UIForeground><UIGlow>F201F9</UIGlow>Element: <UIGlow>01</UIGlow><UIForeground>01</UIForeground>Feuer
<UIForeground>F201F8</UIForeground><UIGlow>F201F9</UIGlow>Rang: <UIGlow>01</UIGlow><UIForeground>01</UIForeground>★★★★★
","Ifrits Verheißung.
Unerträglich heißes Magma schießt in flammenden Säulen aus der Erde, zu Ehren des Primae des Feuers.",4,63,0,0,True,False,False,False,False,False,False,False,False,False,False,False
46,46,72246,"<UIForeground>F201F8</UIForeground><UIGlow>F201F9</UIGlow>Typus: <UIGlow>01</UIGlow><UIForeground>01</UIForeground>Physisch/Schlag
<UIForeground>F201F8</UIForeground><UIGlow>F201F9</UIGlow>Element: <UIGlow>01</UIGlow><UIForeground>01</UIForeground>Erde
<UIForeground>F201F8</UIForeground><UIGlow>F201F9</UIGlow>Rang: <UIGlow>01</UIGlow><UIForeground>01</UIForeground>★★★★★
","Terror des Titan.
Als würden die höchsten Gipfel der Welt zerbrechen und auf den Planeten niederregnen, so begräbt der erdbasierte Äther die Opfer dieses Zaubers.",4,64,0,0,True,False,False,False,False,False,False,False,False,False,False,False
47,47,72247,"<UIForeground>F201F8</UIForeground><UIGlow>F201F9</UIGlow>Typus: <UIGlow>01</UIGlow><UIForeground>01</UIForeground>Magie
<UIForeground>F201F8</UIForeground><UIGlow>F201F9</UIGlow>Element: <UIGlow>01</UIGlow><UIForeground>01</UIForeground>Blitz
<UIForeground>F201F8</UIForeground><UIGlow>F201F9</UIGlow>Rang: <UIGlow>01</UIGlow><UIForeground>01</UIForeground>★★★★★
","Ramuhs Raserei.
Wenn Blitze zucken und der Donner grollt, spielt Ramuh sein zerstörerisches Spiel. Geeignet, ganze Areale zu erschüttern.",4,78,0,0,True,False,False,False,False,False,False,False,False,False,False,False
48,48,72248,"<UIForeground>F201F8</UIForeground><UIGlow>F201F9</UIGlow>Typus: <UIGlow>01</UIGlow><UIForeground>01</UIForeground>Magie
<UIForeground>F201F8</UIForeground><UIGlow>F201F9</UIGlow>Element: <UIGlow>01</UIGlow><UIForeground>01</UIForeground>Eis
<UIForeground>F201F8</UIForeground><UIGlow>F201F9</UIGlow>Rang: <UIGlow>01</UIGlow><UIForeground>01</UIForeground>★★★★★
","Shivas Stärke.
Kein Blaumagier spannte je den magischen Bogen und verschoss die eisigen Pfeile, ohne das Heulen auf den frostigen Ebenen von Ishgard zu hören.",4,80,0,0,True,False,False,False,False,False,False,False,False,False,False,False
49,49,72249,"<UIForeground>F201F8</UIForeground><UIGlow>F201F9</UIGlow>Typus: <UIGlow>01</UIGlow><UIForeground>01</UIForeground>Magie
<UIForeground>F201F8</UIForeground><UIGlow>F201F9</UIGlow>Element: <UIGlow>01</UIGlow><UIForeground>01</UIForeground>Wasser
<UIForeground>F201F8</UIForeground><UIGlow>F201F9</UIGlow>Rang: <UIGlow>01</UIGlow><UIForeground>01</UIForeground>★★★★★
","Leviathans Barriere.
Ein Schleier, genährt aus dem wasserbasierten Umgebungsäther, spannt sich auf, um jeden schädlichen Einfluss von dem Magier wegzuwaschen.",4,73,0,0,False,True,False,False,False,False,False,False,False,False,False,False
50,50,72251,"<UIForeground>F201F8</UIForeground><UIGlow>F201F9</UIGlow>Typus: <UIGlow>01</UIGlow><UIForeground>01</UIForeground>Magie
<UIForeground>F201F8</UIForeground><UIGlow>F201F9</UIGlow>Element: <UIGlow>01</UIGlow><UIForeground>01</UIForeground>Wind
<UIForeground>F201F8</UIForeground><UIGlow>F201F9</UIGlow>Rang: <UIGlow>01</UIGlow><UIForeground>01</UIForeground>★★
","Sturmwind eines Greifen.
Der orkanartige Wind dieses Zaubers wird von wilden Greifen eingesetzt, um unliebsame Besucher aus ihrem Territorium zu vertreiben.",4,36,0,0,True,False,False,False,False,False,False,False,False,False,False,False
51,51,72252,"<UIForeground>F201F8</UIForeground><UIGlow>F201F9</UIGlow>Typus: <UIGlow>01</UIGlow><UIForeground>01</UIForeground>Magie
<UIForeground>F201F8</UIForeground><UIGlow>F201F9</UIGlow>Element: <UIGlow>01</UIGlow><UIForeground>01</UIForeground>Wasser
<UIForeground>F201F8</UIForeground><UIGlow>F201F9</UIGlow>Rang: <UIGlow>01</UIGlow><UIForeground>01</UIForeground>★★★
","Flut des belebten Wassers.
Bei dieser Technik manipuliert das belebte Wasser seine eigene Flüssigkeit, um eine verheerende Flut auszulösen, die selbst bullige Feinde wegspült.",4,114,0,0,True,False,False,False,False,False,False,False,False,False,False,False
52,52,72253,"<UIForeground>F201F8</UIForeground><UIGlow>F201F9</UIGlow>Typus: <UIGlow>01</UIGlow><UIForeground>01</UIForeground>Magie
<UIForeground>F201F8</UIForeground><UIGlow>F201F9</UIGlow>Element: <UIGlow>01</UIGlow><UIForeground>01</UIForeground>Eis
<UIForeground>F201F8</UIForeground><UIGlow>F201F9</UIGlow>Rang: <UIGlow>01</UIGlow><UIForeground>01</UIForeground>★★★★
","Eisiger Atem des Yetis.
Der Yeti kann seinen eigenen Atem so stark abkühlen, dass er wasseraspektierten Äther gefrieren lässt. Diese Magie ist besonders effektiv gegen Gegner, die an Wassersucht leiden.",1,2200,69269,69268,True,False,False,True,False,False,False,False,False,False,False,False
53,53,72254,"<UIForeground>F201F8</UIForeground><UIGlow>F201F9</UIGlow>Typus: <UIGlow>01</UIGlow><UIForeground>01</UIForeground>Magie
<UIForeground>F201F8</UIForeground><UIGlow>F201F9</UIGlow>Element: <UIGlow>01</UIGlow><UIForeground>01</UIForeground>Blitz
<UIForeground>F201F8</UIForeground><UIGlow>F201F9</UIGlow>Rang: <UIGlow>01</UIGlow><UIForeground>01</UIForeground>★★
","Schockende Seeschlangenspucke.
Bei dieser Technik wird eine elektrisch geladene Wasserblase verspeit, die der Beute beim Einschlag einen ordentlichen Schlag versetzt.",1,2100,0,0,True,False,False,False,False,False,False,False,False,False,False,False
54,54,72255,"<UIForeground>F201F8</UIForeground><UIGlow>F201F9</UIGlow>Typus: <UIGlow>01</UIGlow><UIForeground>01</UIForeground>Physisch
<UIForeground>F201F8</UIForeground><UIGlow>F201F9</UIGlow>Element: <UIGlow>01</UIGlow><UIForeground>01</UIForeground>---
<UIForeground>F201F8</UIForeground><UIGlow>F201F9</UIGlow>Rang: <UIGlow>01</UIGlow><UIForeground>01</UIForeground>★★
","Speer der Panzerpuppe.
Der furcht<SoftHyphen/>ein<SoftHyphen/>flößende Speer der Panzerpuppe wird repliziert und dann sichelförmig geschwungen, um Gegner schneller umzumähen als sie blinzeln können.",4,112,0,0,True,False,False,False,False,False,False,False,False,False,False,False
55,55,72256,"<UIForeground>F201F8</UIForeground><UIGlow>F201F9</UIGlow>Typus: <UIGlow>01</UIGlow><UIForeground>01</UIForeground>Physisch
<UIForeground>F201F8</UIForeground><UIGlow>F201F9</UIGlow>Element: <UIGlow>01</UIGlow><UIForeground>01</UIForeground>---
<UIForeground>F201F8</UIForeground><UIGlow>F201F9</UIGlow>Rang: <UIGlow>01</UIGlow><UIForeground>01</UIForeground>★★★★
","Schwerter des Erzdämons.
Der Äther wird zu einer Kugel aus Schwertern geformt, die dann auf das Ziel in ihrer Mitte einstechen. Dies hat für gewöhnlich den Effekt, den Feind zu paralysieren.",4,31,0,0,True,False,False,False,True,False,False,False,False,False,False,False
56,56,72257,"<UIForeground>F201F8</UIForeground><UIGlow>F201F9</UIGlow>Typus: <UIGlow>01</UIGlow><UIForeground>01</UIForeground>Magie
<UIForeground>F201F8</UIForeground><UIGlow>F201F9</UIGlow>Element: <UIGlow>01</UIGlow><UIForeground>01</UIForeground>---
<UIForeground>F201F8</UIForeground><UIGlow>F201F9</UIGlow>Rang: <UIGlow>01</UIGlow><UIForeground>01</UIForeground>★
","Urschrei eines Paissas.
Dieser Zauber imitiert den schrillen Schrei eines Paissas, der den Geist des Opfers so vereinnahmt, dass dieses in einen tiefen Schlummer fällt.",1,2100,0,0,True,False,False,False,False,False,False,False,True,False,False,False
57,57,72258,"<UIForeground>F201F8</UIForeground><UIGlow>F201F9</UIGlow>Typus: <UIGlow>01</UIGlow><UIForeground>01</UIForeground>Magie
<UIForeground>F201F8</UIForeground><UIGlow>F201F9</UIGlow>Element: <UIGlow>01</UIGlow><UIForeground>01</UIForeground>---
<UIForeground>F201F8</UIForeground><UIGlow>F201F9</UIGlow>Rang: <UIGlow>01</UIGlow><UIForeground>01</UIForeground>★★
","Schaurige Schallwelle einer Empusa.
Die Empusa generiert ihre schaurige Schallwelle, indem sie Teile ihres Körpers schnell vibrieren lässt. Der resultierende Ton stört bestimmte ätherische Frequenzen, wodurch deren positive Effekte erlöschen.",1,2101,0,0,True,False,False,False,False,False,False,False,False,False,False,False
58,58,72259,"<UIForeground>F201F8</UIForeground><UIGlow>F201F9</UIGlow>Typus: <UIGlow>01</UIGlow><UIForeground>01</UIForeground>Magie
<UIForeground>F201F8</UIForeground><UIGlow>F201F9</UIGlow>Element: <UIGlow>01</UIGlow><UIForeground>01</UIForeground>---
<UIForeground>F201F8</UIForeground><UIGlow>F201F9</UIGlow>Rang: <UIGlow>01</UIGlow><UIForeground>01</UIForeground>★★★
","Heilmagie der Mogrys.
Dieser Zauber scheint sich kaum von jenen der Druiden zu unterscheiden, doch die Mogrys haben ihre eigene Philosophie dazu: „Um dich selbst zu heilen, musst du einfach nur viel Magie in deinem Bommel ansammeln und alles auf einmal loslassen, kupo!“",4,66,0,0,False,True,False,False,False,False,False,False,False,False,False,False
59,59,72260,"<UIForeground>F201F8</UIForeground><UIGlow>F201F9</UIGlow>Typus: <UIGlow>01</UIGlow><UIForeground>01</UIForeground>Magie
<UIForeground>F201F8</UIForeground><UIGlow>F201F9</UIGlow>Element: <UIGlow>01</UIGlow><UIForeground>01</UIForeground>---
<UIForeground>F201F8</UIForeground><UIGlow>F201F9</UIGlow>Rang: <UIGlow>01</UIGlow><UIForeground>01</UIForeground>★★★★
","Verteidigungsmagie der Goblins.
Nur ausgewählte Goblins können diese Technik einsetzen, die durch skrupellose Experimente der Indigohand entwickelt wurde. Dabei weben sie einen dünnen, hautengen Ätherschleier um ihren Körper, um ihre Verteidigung zu verstärken.",1,2001,0,0,False,True,False,False,False,False,False,False,False,False,False,False
60,60,72261,"<UIForeground>F201F8</UIForeground><UIGlow>F201F9</UIGlow>Typus: <UIGlow>01</UIGlow><UIForeground>01</UIForeground>Magie
<UIForeground>F201F8</UIForeground><UIGlow>F201F9</UIGlow>Element: <UIGlow>01</UIGlow><UIForeground>01</UIForeground>---
<UIForeground>F201F8</UIForeground><UIGlow>F201F9</UIGlow>Rang: <UIGlow>01</UIGlow><UIForeground>01</UIForeground>★★
","Byblos-Hammer.
Bei dieser Technik geht ein massiver ätherischer Hammer mit gewaltiger Wucht auf einen Gegner nieder. Dessen Sinnesschärfe ist dadurch naturgemäß in der Regel etwas reduziert.",4,196,0,0,True,True,False,False,False,False,False,False,False,False,False,False
61,61,72262,"<UIForeground>F201F8</UIForeground><UIGlow>F201F9</UIGlow>Typus: <UIGlow>01</UIGlow><UIForeground>01</UIForeground>Magie
<UIForeground>F201F8</UIForeground><UIGlow>F201F9</UIGlow>Element: <UIGlow>01</UIGlow><UIForeground>01</UIForeground>---
<UIForeground>F201F8</UIForeground><UIGlow>F201F9</UIGlow>Rang: <UIGlow>01</UIGlow><UIForeground>01</UIForeground>★
","Pheromon der Falkenkönigin.
Wenn die Falkenkönigin Gefahr wittert, setzt sie ein bestimmtes Pheromon frei, das ihren Schwarm herbeilockt, um sie zu schützen. Ein geübter Magier kann einen ähnlichen magischen Effekt nutzen, um sich einen derartigen Schutzschild zuzulegen.",4,41,0,0,False,True,False,False,False,False,False,False,False,False,False,False
62,62,72263,"<UIForeground>F201F8</UIForeground><UIGlow>F201F9</UIGlow>Typus: <UIGlow>01</UIGlow><UIForeground>01</UIForeground>Magie
<UIForeground>F201F8</UIForeground><UIGlow>F201F9</UIGlow>Element: <UIGlow>01</UIGlow><UIForeground>01</UIForeground>---
<UIForeground>F201F8</UIForeground><UIGlow>F201F9</UIGlow>Rang: <UIGlow>01</UIGlow><UIForeground>01</UIForeground>★
","Poroggo-Gesang.
Dieser Gesang regt Poroggos zum Mittanzen an. Für alle anderen Kreaturen klingt er eher so, als würde ein Frosch von einem Karren überfahren. Die lautstarke Wiedergabe eignet sich daher hervorragend, um sich den Zorn anderer zuzuziehen.",1,2001,69272,69271,True,False,False,False,False,False,False,False,False,False,False,False
63,63,72264,"<UIForeground>F201F8</UIForeground><UIGlow>F201F9</UIGlow>Typus: <UIGlow>01</UIGlow><UIForeground>01</UIForeground>Magie
<UIForeground>F201F8</UIForeground><UIGlow>F201F9</UIGlow>Element: <UIGlow>01</UIGlow><UIForeground>01</UIForeground>Wind
<UIForeground>F201F8</UIForeground><UIGlow>F201F9</UIGlow>Rang: <UIGlow>01</UIGlow><UIForeground>01</UIForeground>★★★★
","Windstoß des Zu.
Eine bevorzugte Technik der Zu, die einen besonders kräftigen Flügelschlag ausführen, um eine Böe aus windaspektiertem Äther zu erzeugen, der so stark komprimiert ist, dass er tödlich wie eine scharfe Klinge ist.",4,17,0,0,True,False,False,False,False,False,False,False,False,False,False,False
64,64,72265,"<UIForeground>F201F8</UIForeground><UIGlow>F201F9</UIGlow>Typus: <UIGlow>01</UIGlow><UIForeground>01</UIForeground>Magie
<UIForeground>F201F8</UIForeground><UIGlow>F201F9</UIGlow>Element: <UIGlow>01</UIGlow><UIForeground>01</UIForeground>---
<UIForeground>F201F8</UIForeground><UIGlow>F201F9</UIGlow>Rang: <UIGlow>01</UIGlow><UIForeground>01</UIForeground>★★★
","Brunftschrei eines Dhalmels.
Bei der richtigen Tonhöhe reagiert der eigene Körper mit einer erhöhten Produktion von Adrenalin, das einem im Kampf einen Vorteil verschafft<Indent/>- oder einen Partner anlockt, falls man ein Dhalmel ist.",1,2100,69270,69269,False,True,False,False,False,False,False,False,False,False,False,False
65,65,72266,"<UIForeground>F201F8</UIForeground><UIGlow>F201F9</UIGlow>Typus: <UIGlow>01</UIGlow><UIForeground>01</UIForeground>Magie
<UIForeground>F201F8</UIForeground><UIGlow>F201F9</UIGlow>Element: <UIGlow>01</UIGlow><UIForeground>01</UIForeground>---
<UIForeground>F201F8</UIForeground><UIGlow>F201F9</UIGlow>Rang: <UIGlow>01</UIGlow><UIForeground>01</UIForeground>★★
","Ätherwelle eines Rosses.
Dieser Zauber wurde entwickelt, um Häretiker zu unterwerfen und entfesselt eine konzentrierte Ätherwelle, die das Fleisch verbrennt und verzerrt, wodurch das Opfer ins Straucheln gerät<Indent/>- besonders dann, wenn es bereits seelische Qualen erleidet.",4,34,0,0,True,False,True,False,False,False,False,False,False,False,False,False
66,66,72267,"<UIForeground>F201F8</UIForeground><UIGlow>F201F9</UIGlow>Typus: <UIGlow>01</UIGlow><UIForeground>01</UIForeground>Magie
<UIForeground>F201F8</UIForeground><UIGlow>F201F9</UIGlow>Element: <UIGlow>01</UIGlow><UIForeground>01</UIForeground>---
<UIForeground>F201F8</UIForeground><UIGlow>F201F9</UIGlow>Rang: <UIGlow>01</UIGlow><UIForeground>01</UIForeground>★★
","Ätherstrahl eines Rosses.
Dieser Zauber soll den Geist von Häretikern mit einem destabilisierenden Ätherstrahl brechen. Umso effektiver, wenn das Ziel bereits an physischen Gebrechen leidet.",4,34,0,0,True,False,False,False,False,False,False,False,False,True,False,False
67,67,72268,"<UIForeground>F201F8</UIForeground><UIGlow>F201F9</UIGlow>Typus: <UIGlow>01</UIGlow><UIForeground>01</UIForeground>Magie
<UIForeground>F201F8</UIForeground><UIGlow>F201F9</UIGlow>Element: <UIGlow>01</UIGlow><UIForeground>01</UIForeground>---
<UIForeground>F201F8</UIForeground><UIGlow>F201F9</UIGlow>Rang: <UIGlow>01</UIGlow><UIForeground>01</UIForeground>★★★★
","Zauber der Nichts<SoftHyphen/>gesand<SoftHyphen/>ten.
Dieser Fluch der Nichts<SoftHyphen/>gesand<SoftHyphen/>ten verdreht den Verstand seines Opfers derart, dass die akuten Qualen zum Organversagen führen.",4,31,0,0,True,False,False,False,False,False,False,False,False,False,False,True
68,68,72269,"<UIForeground>F201F8</UIForeground><UIGlow>F201F9</UIGlow>Typus: <UIGlow>01</UIGlow><UIForeground>01</UIForeground>Magie
<UIForeground>F201F8</UIForeground><UIGlow>F201F9</UIGlow>Element: <UIGlow>01</UIGlow><UIForeground>01</UIForeground>---
<UIForeground>F201F8</UIForeground><UIGlow>F201F9</UIGlow>Rang: <UIGlow>01</UIGlow><UIForeground>01</UIForeground>★★
","Magitek-basierte Werktechnik.
Dieser Zauber beschwört einen Hagel aus illusorischen Raketen, die bei Opfern das Gefühl auslösen, von einer garleischen Magitek-Waffe angegriffen zu werden, worauf ihre Körper entsprechend reagieren.",4,219,0,0,True,False,False,False,False,False,False,False,False,False,False,True
69,69,72270,"<UIForeground>F201F8</UIForeground><UIGlow>F201F9</UIGlow>Typus: <UIGlow>01</UIGlow><UIForeground>01</UIForeground>Magie
<UIForeground>F201F8</UIForeground><UIGlow>F201F9</UIGlow>Element: <UIGlow>01</UIGlow><UIForeground>01</UIForeground>---
<UIForeground>F201F8</UIForeground><UIGlow>F201F9</UIGlow>Rang: <UIGlow>01</UIGlow><UIForeground>01</UIForeground>★★★★
","Inspiriert von einer gottgleichen Maschine.
Die konzentrierte Hitze dieses Strahls vermag Nervenenden abzutöten und Verbindungen zwischen Hirn und Muskeln zu trennen. Durch gezielten Einsatz kann der geübte Magier sein Opfer so be<SoftHyphen/>we<SoftHyphen/>gungs<SoftHyphen/>un<SoftHyphen/>fäh<SoftHyphen/>ig machen.",4,115,0,0,True,False,False,False,False,False,False,True,False,False,False,False
70,70,72271,"<UIForeground>F201F8</UIForeground><UIGlow>F201F9</UIGlow>Typus: <UIGlow>01</UIGlow><UIForeground>01</UIForeground>Magie
<UIForeground>F201F8</UIForeground><UIGlow>F201F9</UIGlow>Element: <UIGlow>01</UIGlow><UIForeground>01</UIForeground>---
<UIForeground>F201F8</UIForeground><UIGlow>F201F9</UIGlow>Rang: <UIGlow>01</UIGlow><UIForeground>01</UIForeground>★
","Ätherfokus der Sabotender.
Wilde Sabotender sollen diese Fähigkeit entwickelt haben, um ihren Äther zu kanalisieren, damit sie besonders fruchtbare Vertreter ihrer Art schützen können.",4,26,0,0,False,True,False,False,False,False,False,False,False,False,False,False
71,71,72272,"<UIForeground>F201F8</UIForeground><UIGlow>F201F9</UIGlow>Typus: <UIGlow>01</UIGlow><UIForeground>01</UIForeground>Physisch
<UIForeground>F201F8</UIForeground><UIGlow>F201F9</UIGlow>Element: <UIGlow>01</UIGlow><UIForeground>01</UIForeground>---
<UIForeground>F201F8</UIForeground><UIGlow>F201F9</UIGlow>Rang: <UIGlow>01</UIGlow><UIForeground>01</UIForeground>★★
","Ver<SoftHyphen/>zweif<SoftHyphen/>lung der Whalaqee.
Diese Nahkampftechnik erlaubt es dem Zaubernden, seine eigenen Gefühle der Ver<SoftHyphen/>zweif<SoftHyphen/>lung ob eines nahenden Todes zu nutzen, um eine letzte Offensive zu starten. Der Name der Kreatur, die sie ursprünglich besaß, bleibt ein Geheimnis.",2,0,0,0,True,False,False,False,False,False,False,False,False,False,False,False
72,72,72273,"<UIForeground>F201F8</UIForeground><UIGlow>F201F9</UIGlow>Typus: <UIGlow>01</UIGlow><UIForeground>01</UIForeground>Magie
<UIForeground>F201F8</UIForeground><UIGlow>F201F9</UIGlow>Element: <UIGlow>01</UIGlow><UIForeground>01</UIForeground>---
<UIForeground>F201F8</UIForeground><UIGlow>F201F9</UIGlow>Rang: <UIGlow>01</UIGlow><UIForeground>01</UIForeground>★★★★
","Revitalisierung der Whalaqee.
Bei diesem Zauber wird heilender Äther durch ein Familiar verstärkt, das ein Bote des Himmels zu sein scheint<Indent/>- ein Konzept, das im Widerspruch zu den religiösen Vorstellungen der Whalaqee steht.",2,0,0,0,False,True,False,False,False,False,False,False,False,False,False,False
73,73,72274,"<UIForeground>F201F8</UIForeground><UIGlow>F201F9</UIGlow>Typus: <UIGlow>01</UIGlow><UIForeground>01</UIForeground>Magie
<UIForeground>F201F8</UIForeground><UIGlow>F201F9</UIGlow>Element: <UIGlow>01</UIGlow><UIForeground>01</UIForeground>---
<UIForeground>F201F8</UIForeground><UIGlow>F201F9</UIGlow>Rang: <UIGlow>01</UIGlow><UIForeground>01</UIForeground>★★
","Die Larvenhäutung der Wamoura.
Die Wamoura stoßen Schadstoffe und Gifte wie eine zweite Haut einfach ab<Indent/>- übrig bleibt ein funkelnder Schauer winziger Schuppen und ein wohliges Gefühl der Frische.",1,2100,69271,69270,False,True,False,False,False,False,False,False,False,False,False,False
74,74,72275,"<UIForeground>F201F8</UIForeground><UIGlow>F201F9</UIGlow>Typus: <UIGlow>01</UIGlow><UIForeground>01</UIForeground>Magie
<UIForeground>F201F8</UIForeground><UIGlow>F201F9</UIGlow>Element: <UIGlow>01</UIGlow><UIForeground>01</UIForeground>Blitz
<UIForeground>F201F8</UIForeground><UIGlow>F201F9</UIGlow>Rang: <UIGlow>01</UIGlow><UIForeground>01</UIForeground>★★★
","Donnerschwinge eines höheren Wyvern.
Mit kraftvollen Stößen fliegen die höheren Wyvern so schnell durch die Wolken, dass sich Blitze bilden. Diese entladen sich dann in einem kraftvollen Schlag und bringen die Muskeln des unglücklichen Opfers zum Erstarren.",4,39,0,0,True,False,False,False,False,False,False,False,False,False,True,False
75,75,72276,"<UIForeground>F201F8</UIForeground><UIGlow>F201F9</UIGlow>Typus: <UIGlow>01</UIGlow><UIForeground>01</UIForeground>Magie
<UIForeground>F201F8</UIForeground><UIGlow>F201F9</UIGlow>Element: <UIGlow>01</UIGlow><UIForeground>01</UIForeground>---
<UIForeground>F201F8</UIForeground><UIGlow>F201F9</UIGlow>Rang: <UIGlow>01</UIGlow><UIForeground>01</UIForeground>★
","Das Jagdverhalten fleischfressender Pflanzen.
In der Blauzauber-Version bleibt der Körper des Opfers zwar intakt, aber sein Äther wird verspeist. Den Zaubernden segnet dieses zweifelhafte Mahl mit physischer Stärke und Regeneration.",4,93,0,0,True,True,False,False,False,False,False,False,False,False,False,False
76,76,72277,"<UIForeground>F201F8</UIForeground><UIGlow>F201F9</UIGlow>Typus: <UIGlow>01</UIGlow><UIForeground>01</UIForeground>Magie
<UIForeground>F201F8</UIForeground><UIGlow>F201F9</UIGlow>Element: <UIGlow>01</UIGlow><UIForeground>01</UIForeground>---
<UIForeground>F201F8</UIForeground><UIGlow>F201F9</UIGlow>Rang: <UIGlow>01</UIGlow><UIForeground>01</UIForeground>★★★
","Das scharfe Auge des Mechanoscholars.
Ein gemeiner Zauber, der die Schwächen einer Kreatur analysiert und verstärkt. Geschaffen wurde er durch Zufall, als ein eifersüchtiger Puppenspieler eine Marionette erschuf, um die angebliche Untreue seines Liebchens aufzudecken.",4,196,0,0,True,False,False,False,False,False,False,False,False,False,False,False
77,77,72278,"<UIForeground>F201F8</UIForeground><UIGlow>F201F9</UIGlow>Typus: <UIGlow>01</UIGlow><UIForeground>01</UIForeground>Magie
<UIForeground>F201F8</UIForeground><UIGlow>F201F9</UIGlow>Element: <UIGlow>01</UIGlow><UIForeground>01</UIForeground>---
<UIForeground>F201F8</UIForeground><UIGlow>F201F9</UIGlow>Rang: <UIGlow>01</UIGlow><UIForeground>01</UIForeground>★★★★
","Blaue Imitationskünste der Ghrah.
Die Ghrah besitzen ein ausgesprochen feines Gespür für die Zusammensetzung des Äthers in einem Wesen. So fein, dass sie diese sogar kopieren und die Stärken ihres Kontrahenten imitieren können.",4,40,0,0,False,True,False,False,False,False,False,False,False,False,False,False
78,78,72279,"<UIForeground>F201F8</UIForeground><UIGlow>F201F9</UIGlow>Typus: <UIGlow>01</UIGlow><UIForeground>01</UIForeground>Magie
<UIForeground>F201F8</UIForeground><UIGlow>F201F9</UIGlow>Element: <UIGlow>01</UIGlow><UIForeground>01</UIForeground>Erde
<UIForeground>F201F8</UIForeground><UIGlow>F201F9</UIGlow>Rang: <UIGlow>01</UIGlow><UIForeground>01</UIForeground>★★★★★
","Ravanas Kampfeslust.
Die unbändige Raserei Ravanas bündelt unzählige winzige Metallsplitter aus dem Erdäther der Umgebung. Diesen tödlichen Geschossen fällt alles zum Opfer, was nicht rechtzeitig in Deckung zu gehen vermag.",4,86,0,0,True,False,False,False,False,False,False,False,False,False,False,False
79,79,72280,"<UIForeground>F201F8</UIForeground><UIGlow>F201F9</UIGlow>Typus: <UIGlow>01</UIGlow><UIForeground>01</UIForeground>Magie
<UIForeground>F201F8</UIForeground><UIGlow>F201F9</UIGlow>Element: <UIGlow>01</UIGlow><UIForeground>01</UIForeground>---
<UIForeground>F201F8</UIForeground><UIGlow>F201F9</UIGlow>Rang: <UIGlow>01</UIGlow><UIForeground>01</UIForeground>★★★★★
","Sophias Strafe.
Die Ikone Sophia duldet keine Störenfriede, die die Balance aller Dinge aus dem Gleichgewicht werfen. Wo Harmonie fehlt, herrscht Zerstörung<Indent/>- und im Zweifelsfall sorgt Sophia selbst dafür.",4,183,0,0,True,False,False,False,False,False,False,False,False,False,False,False
80,80,72281,"<UIForeground>F201F8</UIForeground><UIGlow>F201F9</UIGlow>Typus: <UIGlow>01</UIGlow><UIForeground>01</UIForeground>Physisch/Schlag
<UIForeground>F201F8</UIForeground><UIGlow>F201F9</UIGlow>Element: <UIGlow>01</UIGlow><UIForeground>01</UIForeground>---
<UIForeground>F201F8</UIForeground><UIGlow>F201F9</UIGlow>Rang: <UIGlow>01</UIGlow><UIForeground>01</UIForeground>★★★★★
","Brutalus' Superattacke.
Schwingen der Gerechtigkeit, tragt uns hoch hinauf! Liebe, Freund<SoftHyphen/>schaft und Hoffnung besiegen selbst den stärksten Feind! Hier<Indent/>... kommt<Indent/>... der<Indent/>... GEWISSENSTRITT!",4,139,0,0,True,False,False,False,False,False,False,False,False,False,False,False
81,81,72282,"<UIForeground>F201F8</UIForeground><UIGlow>F201F9</UIGlow>Typus: <UIGlow>01</UIGlow><UIForeground>01</UIForeground>Physisch/Stich
<UIForeground>F201F8</UIForeground><UIGlow>F201F9</UIGlow>Element: <UIGlow>01</UIGlow><UIForeground>01</UIForeground>---
<UIForeground>F201F8</UIForeground><UIGlow>F201F9</UIGlow>Rang: <UIGlow>01</UIGlow><UIForeground>01</UIForeground>★
","Speerfischtechnik der Namazuo.
Dieser schnelle, dreifache Angriff hat sich als äußerst effektiv gegen Kreaturen erwiesen, die den Fischer verspeisen wollten.",1,2410,0,0,True,False,False,False,False,False,False,False,False,False,False,False
82,82,72283,"<UIForeground>F201F8</UIForeground><UIGlow>F201F9</UIGlow>Typus: <UIGlow>01</UIGlow><UIForeground>01</UIForeground>Magie
<UIForeground>F201F8</UIForeground><UIGlow>F201F9</UIGlow>Element: <UIGlow>01</UIGlow><UIForeground>01</UIForeground>Blitz
<UIForeground>F201F8</UIForeground><UIGlow>F201F9</UIGlow>Rang: <UIGlow>01</UIGlow><UIForeground>01</UIForeground>★★
","Blitzschläge der Namazuo.
Vermutlich eher nach dem wohligen Gefühl, das den Ausführenden überkommt, benannt als nach der blitzartigen Zerstörung des fernen Ziels. Von Jägern ersonnen, die es sich am Fluss gemütlich machen und einfach angreifen, was gerade anschwimmt.",1,2410,69527,69526,True,True,False,False,False,False,False,False,False,False,False,False
83,83,72284,"<UIForeground>F201F8</UIForeground><UIGlow>F201F9</UIGlow>Typus: <UIGlow>01</UIGlow><UIForeground>01</UIForeground>Magie
<UIForeground>F201F8</UIForeground><UIGlow>F201F9</UIGlow>Element: <UIGlow>01</UIGlow><UIForeground>01</UIForeground>---
<UIForeground>F201F8</UIForeground><UIGlow>F201F9</UIGlow>Rang: <UIGlow>01</UIGlow><UIForeground>01</UIForeground>★★★
","Sabotage der Dojun-Maru.
Die Dojun-Maru setzen diese Technik ein, um eine Reihe von Phantom-Tatami-Matten zu weben, die sie dem Gegner dann mit voller Wucht entgegenschleudern. Ein wahrer Meister kann die Matten gar mit dem leichten Duft von Tatami-Stroh versetzen.",4,262,0,0,True,False,False,False,False,False,False,True,False,False,False,False
84,84,72285,"<UIForeground>F201F8</UIForeground><UIGlow>F201F9</UIGlow>Typus: <UIGlow>01</UIGlow><UIForeground>01</UIForeground>Magie
<UIForeground>F201F8</UIForeground><UIGlow>F201F9</UIGlow>Element: <UIGlow>01</UIGlow><UIForeground>01</UIForeground>Eis
<UIForeground>F201F8</UIForeground><UIGlow>F201F9</UIGlow>Rang: <UIGlow>01</UIGlow><UIForeground>01</UIForeground>★★★★
","Verteidigungsinstinkt der Nebeldrachen.
Ein Nebeldrache hüllt sich instinktiv in einen eisigen Nebel, der Angreifer einfriert, die ihm zu nahe kommen. Anwender dieses Zaubers haben entdeckt, dass man das eigene Einfrieren verhindern kann, indem man den Körper mit warmer Luft umhüllt.",4,585,0,0,True,True,False,True,False,False,False,False,False,False,False,False
85,85,72286,"<UIForeground>F201F8</UIForeground><UIGlow>F201F9</UIGlow>Typus: <UIGlow>01</UIGlow><UIForeground>01</UIForeground>Magie
<UIForeground>F201F8</UIForeground><UIGlow>F201F9</UIGlow>Element: <UIGlow>01</UIGlow><UIForeground>01</UIForeground>---
<UIForeground>F201F8</UIForeground><UIGlow>F201F9</UIGlow>Rang: <UIGlow>01</UIGlow><UIForeground>01</UIForeground>★★
","Lakshmis Spezialtechnik.
Ein Lobgesang der Liebe, der eine Lichtexplosion erzeugt, dessen Wirkung von dem Geist des Zauberers abhängt. Ein Herz, das von Wut erfüllt ist, wird Feinde verbrennen, während ein gütiges Herz die Wunden der Lieben heilen wird.",4,263,0,0,True,True,False,False,False,False,False,False,False,False,False,False
86,86,72287,"<UIForeground>F201F8</UIForeground><UIGlow>F201F9</UIGlow>Typus: <UIGlow>01</UIGlow><UIForeground>01</UIForeground>Magie
<UIForeground>F201F8</UIForeground><UIGlow>F201F9</UIGlow>Element: <UIGlow>01</UIGlow><UIForeground>01</UIForeground>---
<UIForeground>F201F8</UIForeground><UIGlow>F201F9</UIGlow>Rang: <UIGlow>01</UIGlow><UIForeground>01</UIForeground>★★
","Reinigendes Licht des Phantomzugs.
Dieses heilige Licht verbrennt ruhelose Geister und verzehrt verdorbene Seelen. In Garlemald, wo das Reisen mit Maschinen üblich ist, erzählt man sich die Geschichte von einer gespenstischen Lokomotive, deren Passagiere die Geister der Toten sind<Indent/>...",4,286,0,0,True,False,False,False,False,False,False,False,False,False,False,False
87,87,72288,"<UIForeground>F201F8</UIForeground><UIGlow>F201F9</UIGlow>Typus: <UIGlow>01</UIGlow><UIForeground>01</UIForeground>Magie
<UIForeground>F201F8</UIForeground><UIGlow>F201F9</UIGlow>Element: <UIGlow>01</UIGlow><UIForeground>01</UIForeground>Erde
<UIForeground>F201F8</UIForeground><UIGlow>F201F9</UIGlow>Rang: <UIGlow>01</UIGlow><UIForeground>01</UIForeground>★
","Tokkapchis Markenzeichen.
Diese Fähigkeit nutzt Erdäther, um einen stechenden Geysir aus Schlamm zu erzeugen. Es wird weithin angenommen, dass dieser bei in Weiß gekleideten Gegnern zusätzlichen psychologischen Schaden anrichtet.",4,584,0,0,True,False,False,False,False,False,False,False,False,False,False,False
88,88,72289,"<UIForeground>F201F8</UIForeground><UIGlow>F201F9</UIGlow>Typus: <UIGlow>01</UIGlow><UIForeground>01</UIForeground>Magie
<UIForeground>F201F8</UIForeground><UIGlow>F201F9</UIGlow>Element: <UIGlow>01</UIGlow><UIForeground>01</UIForeground>---
<UIForeground>F201F8</UIForeground><UIGlow>F201F9</UIGlow>Rang: <UIGlow>01</UIGlow><UIForeground>01</UIForeground>★★★
","Blaumagie der Wächterstatuen.
Ein Zauber, der den Wächerstatuen der Neuen Welt innewohnt und allerlei Heilmittel aus dem Äther zieht. Das Ziel des Zaubers erfährt eine schnelle Wundheilung<Indent/>- ein Effekt, der mitunter nachwirkt, wenn der Zauber von einem erfahrenen Heiler gesprochen wurde.",2,0,0,0,False,True,False,False,False,False,False,False,False,False,False,False
89,89,72290,"<UIForeground>F201F8</UIForeground><UIGlow>F201F9</UIGlow>Typus: <UIGlow>01</UIGlow><UIForeground>01</UIForeground>Magie
<UIForeground>F201F8</UIForeground><UIGlow>F201F9</UIGlow>Element: <UIGlow>01</UIGlow><UIForeground>01</UIForeground>Wasser
<UIForeground>F201F8</UIForeground><UIGlow>F201F9</UIGlow>Rang: <UIGlow>01</UIGlow><UIForeground>01</UIForeground>★★★★
","Genbus Spezialtechnik.
Diese magische Barriere ist aus Wasseräther geformt. Sie schwächt eingehende Schläge und speichert deren Energie, die später in einer explosiven Sturzflut entladen werden kann.",4,284,0,0,True,True,False,False,False,False,False,False,False,False,False,False
90,90,72291,"<UIForeground>F201F8</UIForeground><UIGlow>F201F9</UIGlow>Typus: <UIGlow>01</UIGlow><UIForeground>01</UIForeground>Magie
<UIForeground>F201F8</UIForeground><UIGlow>F201F9</UIGlow>Element: <UIGlow>01</UIGlow><UIForeground>01</UIForeground>---
<UIForeground>F201F8</UIForeground><UIGlow>F201F9</UIGlow>Rang: <UIGlow>01</UIGlow><UIForeground>01</UIForeground>★★
","Ivon Coeurlfausts Spezialtechnik.
Dieser Zauber imitiert die Blaster-Attacke von wilden Coeurl. Beim Ausführen wird eine Kugel konzentrierten Äthers mit einer Wucht nach vorne geschleudert, die selbst die standhaftesten Gegner umhaut.",4,236,0,0,True,False,False,False,False,False,False,False,False,False,False,False
91,91,72292,"<UIForeground>F201F8</UIForeground><UIGlow>F201F9</UIGlow>Typus: <UIGlow>01</UIGlow><UIForeground>01</UIForeground>Magie
<UIForeground>F201F8</UIForeground><UIGlow>F201F9</UIGlow>Element: <UIGlow>01</UIGlow><UIForeground>01</UIForeground>---
<UIForeground>F201F8</UIForeground><UIGlow>F201F9</UIGlow>Rang: <UIGlow>01</UIGlow><UIForeground>01</UIForeground>★★
","Coeurl-Spezialtechnik.
Ein Verhalten, das von bestimmten Arten von Coeurl erlernt wird. Der Magier reagiert auf gefallene Kameraden, indem er seinen animalischen Überlebensinstinkt weckt. Wenn alles verloren scheint, ist ungezähmte Wildheit das einzige Mittel zum Sieg.",1,34,69526,69525,False,True,False,False,False,False,False,False,False,False,False,False
92,92,72293,"<UIForeground>F201F8</UIForeground><UIGlow>F201F9</UIGlow>Typus: <UIGlow>01</UIGlow><UIForeground>01</UIForeground>Magie
<UIForeground>F201F8</UIForeground><UIGlow>F201F9</UIGlow>Element: <UIGlow>01</UIGlow><UIForeground>01</UIForeground>---
<UIForeground>F201F8</UIForeground><UIGlow>F201F9</UIGlow>Rang: <UIGlow>01</UIGlow><UIForeground>01</UIForeground>★
","Flügelschlag der Kongamato.
Dieser Zauber imitiert die Flügelschläge eines Kongamato und erzeugt eine Ultraschallwelle, die sich sichtbar in der Luft ausbreitet. Die Vibrationen sind für gefrorene oder versteinerte Ziele tödlich und lassen diese zersplittern.",1,2407,69528,69527,True,False,False,False,False,False,False,False,False,False,False,True
93,93,72294,"<UIForeground>F201F8</UIForeground><UIGlow>F201F9</UIGlow>Typus: <UIGlow>01</UIGlow><UIForeground>01</UIForeground>Magie
<UIForeground>F201F8</UIForeground><UIGlow>F201F9</UIGlow>Element: <UIGlow>01</UIGlow><UIForeground>01</UIForeground>Eis
<UIForeground>F201F8</UIForeground><UIGlow>F201F9</UIGlow>Rang: <UIGlow>01</UIGlow><UIForeground>01</UIForeground>★★
","Der eisige Griff von Alte Roite.
Dieser Angriff manifestiert einen Wirbelsturm aus Eis. Der frostige Wind fügt seinen Opfern schlimme Erfrierungen zu.",4,252,0,0,True,False,False,False,False,False,False,False,False,False,False,False
94,94,72295,"<UIForeground>F201F8</UIForeground><UIGlow>F201F9</UIGlow>Typus: <UIGlow>01</UIGlow><UIForeground>01</UIForeground>Magie
<UIForeground>F201F8</UIForeground><UIGlow>F201F9</UIGlow>Element: <UIGlow>01</UIGlow><UIForeground>01</UIForeground>Feuer
<UIForeground>F201F8</UIForeground><UIGlow>F201F9</UIGlow>Rang: <UIGlow>01</UIGlow><UIForeground>01</UIForeground>★★★★
","Omegas chemische Waffen.
Eine Imitation der furchtbaren chemischen Explosionen, die Omega verursacht. Dieser Zauber feuert eine Bombe in einem Bogen ab, die beim Treffen des Ziels detoniert. Der Angriff hinterlässt einen beißenden Geruch, der Senf ähnelt.",4,589,0,0,True,False,False,False,False,False,False,False,False,False,False,False
95,95,72296,"<UIForeground>F201F8</UIForeground><UIGlow>F201F9</UIGlow>Typus: <UIGlow>01</UIGlow><UIForeground>01</UIForeground>Magie
<UIForeground>F201F8</UIForeground><UIGlow>F201F9</UIGlow>Element: <UIGlow>01</UIGlow><UIForeground>01</UIForeground>---
<UIForeground>F201F8</UIForeground><UIGlow>F201F9</UIGlow>Rang: <UIGlow>01</UIGlow><UIForeground>01</UIForeground>★★★
","Spezialtechnik der Drachen der Neuen Welt.
Diese Fähigkeit hüllt den Magier in eine Sphäre ätherischer Kraft, die eingehende Angriffe schwächt. Es gibt eine Debatte darüber, ob es sich bei diesen „Drachen“ tatsächlich um Drachen oder lediglich um eine artverwandte Spezies handelt.",2,0,0,0,False,True,False,False,False,False,False,False,False,False,False,False
96,96,72297,"<UIForeground>F201F8</UIForeground><UIGlow>F201F9</UIGlow>Typus: <UIGlow>01</UIGlow><UIForeground>01</UIForeground>Magie
<UIForeground>F201F8</UIForeground><UIGlow>F201F9</UIGlow>Element: <UIGlow>01</UIGlow><UIForeground>01</UIForeground>---
<UIForeground>F201F8</UIForeground><UIGlow>F201F9</UIGlow>Rang: <UIGlow>01</UIGlow><UIForeground>01</UIForeground>★
","Nadelspitzen der Salz-Dhruva.
Dieser Zauber beschwört eine Reihe leuchtender Projektile, die allem in ihrem Weg nadelstichartige Wunden zufügen. Die Wunden verursachen starke Blutungen, wodurch das Ziel geschwächt wird und erhebliche Schmerzen erleidet.",1,2408,69529,69528,True,False,False,False,False,False,False,False,False,False,False,False
97,97,72298,"<UIForeground>F201F8</UIForeground><UIGlow>F201F9</UIGlow>Typus: <UIGlow>01</UIGlow><UIForeground>01</UIForeground>Magie
<UIForeground>F201F8</UIForeground><UIGlow>F201F9</UIGlow>Element: <UIGlow>01</UIGlow><UIForeground>01</UIForeground>Wasser
<UIForeground>F201F8</UIForeground><UIGlow>F201F9</UIGlow>Rang: <UIGlow>01</UIGlow><UIForeground>01</UIForeground>★★★★
","Sog der Kelpie.
Dieser Zauber verursacht eine gewaltige Sturzflut, die Ziele in der Nähe anzieht. Selbst tieffliegende Wolkenmeerkreaturen können sich diesem Sog nicht entziehen.",4,279,0,0,True,False,False,False,False,False,False,False,False,False,False,False
98,98,72299,"<UIForeground>F201F8</UIForeground><UIGlow>F201F9</UIGlow>Typus: <UIGlow>01</UIGlow><UIForeground>01</UIForeground>Magie
<UIForeground>F201F8</UIForeground><UIGlow>F201F9</UIGlow>Element: <UIGlow>01</UIGlow><UIForeground>01</UIForeground>Wasser
<UIForeground>F201F8</UIForeground><UIGlow>F201F9</UIGlow>Rang: <UIGlow>01</UIGlow><UIForeground>01</UIForeground>★★
","Das Tosen der Sai Taisui.
Diese Form der Geomantie beschwört einen Wasserschwall, der alles in seinem Weg hinfortschwemmt, egal ob Freund oder Feind. Mit derartigen Verwünschungen kann man nie vorsichtig genug umgehen.",4,536,0,0,True,True,False,False,False,False,False,False,False,False,False,False
99,99,72300,"<UIForeground>F201F8</UIForeground><UIGlow>F201F9</UIGlow>Typus: <UIGlow>01</UIGlow><UIForeground>01</UIForeground>Magie
<UIForeground>F201F8</UIForeground><UIGlow>F201F9</UIGlow>Element: <UIGlow>01</UIGlow><UIForeground>01</UIForeground>---
<UIForeground>F201F8</UIForeground><UIGlow>F201F9</UIGlow>Rang: <UIGlow>01</UIGlow><UIForeground>01</UIForeground>★
","Post vom Kurier-Chocobo.
Eine zerstörerische Fähigkeit, die Staub und Schmutz zu einer soliden Masse verdichtet, die dann erhitzt und von oben auf das Ziel abgeworfen wird. Daher ist es kein Wunder, dass diese gefiederten Feinde überall, wo sie auftauchen, Schrecken verursachen.",1,2000,0,0,True,False,False,False,False,False,False,False,False,False,False,False
100,100,72301,"<UIForeground>F201F8</UIForeground><UIGlow>F201F9</UIGlow>Typus: <UIGlow>01</UIGlow><UIForeground>01</UIForeground>Magie
<UIForeground>F201F8</UIForeground><UIGlow>F201F9</UIGlow>Element: <UIGlow>01</UIGlow><UIForeground>01</UIForeground>---
<UIForeground>F201F8</UIForeground><UIGlow>F201F9</UIGlow>Rang: <UIGlow>01</UIGlow><UIForeground>01</UIForeground>★★★
","Schrecken der Nichts<SoftHyphen/>gesand<SoftHyphen/>ten der Neuen Welt.
Dieser Zauber setzt dem Ziel mit einem Sperrfeuer aus glühenden Kugeln zu. Sein Name soll einst die Flüche der Whalaqee sowie die Konvertierung von Lebenskraft zu Mana umfasst haben.",2,0,0,0,True,False,False,False,False,False,False,False,False,False,False,False
101,101,72302,"<UIForeground>F201F8</UIForeground><UIGlow>F201F9</UIGlow>Typus: <UIGlow>01</UIGlow><UIForeground>01</UIForeground>Physisch/Schlag
<UIForeground>F201F8</UIForeground><UIGlow>F201F9</UIGlow>Element: <UIGlow>01</UIGlow><UIForeground>01</UIForeground>---
<UIForeground>F201F8</UIForeground><UIGlow>F201F9</UIGlow>Rang: <UIGlow>01</UIGlow><UIForeground>01</UIForeground>★★★★
","Omega-Technologie.
Omega hatte freie Hand im Inter<SoftHyphen/>dimen<SoftHyphen/>sio<SoftHyphen/>nalen Riss, wodurch es auf eine große Sammlung von Daten zugreifen und allerlei Arten von Objekten synthetisieren konnte
- einschließlich riesiger Fäuste aus unnachgiebigem Metall.",4,589,0,0,True,False,False,False,False,False,False,True,False,False,False,False
102,102,72303,"<UIForeground>F201F8</UIForeground><UIGlow>F201F9</UIGlow>Typus: <UIGlow>01</UIGlow><UIForeground>01</UIForeground>Magie
<UIForeground>F201F8</UIForeground><UIGlow>F201F9</UIGlow>Element: <UIGlow>01</UIGlow><UIForeground>01</UIForeground>---
<UIForeground>F201F8</UIForeground><UIGlow>F201F9</UIGlow>Rang: <UIGlow>01</UIGlow><UIForeground>01</UIForeground>★★★★★
","Die Macht von Qitian Dasheng.
Diese Zauberformel versucht, die übernatürliche Macht von Qitian Dasheng zu imitieren. Der Magier springt in die Luft und wirbelt einen langen Stab aus purem Äther mit brutaler Kraft umher.",4,536,0,0,True,False,False,False,False,False,False,False,False,False,False,False
103,103,72304,"<UIForeground>F201F8</UIForeground><UIGlow>F201F9</UIGlow>Typus: <UIGlow>01</UIGlow><UIForeground>01</UIForeground>Physisch/Schlag
<UIForeground>F201F8</UIForeground><UIGlow>F201F9</UIGlow>Element: <UIGlow>01</UIGlow><UIForeground>01</UIForeground>---
<UIForeground>F201F8</UIForeground><UIGlow>F201F9</UIGlow>Rang: <UIGlow>01</UIGlow><UIForeground>01</UIForeground>★★★★★
","Suzakus Hast.
Entfesselt eine schnelle Serie aus unscharfen Tritten. Das „Phantom“ im Namen ist eine Referenz an eine astrologische Konstellation im Fernen Osten<Indent/>- ein Zeichen, das Glück für alle Bereiche des Lebens bringen soll<Indent/>... bis auf den Ewigen Bund.",4,596,0,0,True,False,False,False,False,False,False,False,False,False,False,False
104,104,72305,"<UIForeground>F201F8</UIForeground><UIGlow>F201F9</UIGlow>Typus: <UIGlow>01</UIGlow><UIForeground>01</UIForeground>Magie
<UIForeground>F201F8</UIForeground><UIGlow>F201F9</UIGlow>Element: <UIGlow>01</UIGlow><UIForeground>01</UIForeground>---
<UIForeground>F201F8</UIForeground><UIGlow>F201F9</UIGlow>Rang: <UIGlow>01</UIGlow><UIForeground>01</UIForeground>★★★★★
","Tsukuyomis Zorn.
Der bösartige Zorn der Herrscherin der Nacht und des Mondes manifestiert sich in einem Blumenfeld, das dann in einem Hagel aus tödlichen Blüten explodiert. Akzeptiere die Unausweichlichkeit deines Todes und die Macht der Monddämmerung soll dein sein.",4,537,0,0,True,False,False,False,False,False,False,False,False,False,False,False
105,105,72306,"<UIForeground>F201F8</UIForeground><UIGlow>F201F9</UIGlow>Typus: <UIGlow>01</UIGlow><UIForeground>01</UIForeground>Magie
<UIForeground>F201F8</UIForeground><UIGlow>F201F9</UIGlow>Element: <UIGlow>01</UIGlow><UIForeground>01</UIForeground>Neutral
<UIForeground>F201F8</UIForeground><UIGlow>F201F9</UIGlow>Rang: <UIGlow>01</UIGlow><UIForeground>01</UIForeground>★
","Rage des Hobgoblins.
Der Anwender greift das Ziel mit einer wilden Barrage an Schlägen an. In der Blaumagie werden Hiebe und Schläge zwar üb<SoftHyphen/>lich<SoftHyphen/>er<SoftHyphen/>wei<SoftHyphen/>se mit Magie verstärkt, denen, die sich ihren Feinden ohne List und Hinterhalt stellen, wird aber eine weitaus größere Kraft zuteil.",1,2954,70310,70309,True,False,False,False,False,False,False,False,False,False,False,False
106,106,72307,"<UIForeground>F201F8</UIForeground><UIGlow>F201F9</UIGlow>Typus: <UIGlow>01</UIGlow><UIForeground>01</UIForeground>Physisch/Schlag
<UIForeground>F201F8</UIForeground><UIGlow>F201F9</UIGlow>Element: <UIGlow>01</UIGlow><UIForeground>01</UIForeground>Neutral
<UIForeground>F201F8</UIForeground><UIGlow>F201F9</UIGlow>Rang: <UIGlow>01</UIGlow><UIForeground>01</UIForeground>★★
","Schwung des Riesengürteltiers.
Imitiert das Hin- und Herschwingen des mit einem großen Felsbrocken bespickten Schwanzes. Wenn der Felsbrocken einmal in Fahrt kommt, nähert sich so schnell keiner mehr.",4,656,0,0,True,True,False,False,False,False,False,False,False,False,False,False
107,107,72308,"<UIForeground>F201F8</UIForeground><UIGlow>F201F9</UIGlow>Typus: <UIGlow>01</UIGlow><UIForeground>01</UIForeground>Magie
<UIForeground>F201F8</UIForeground><UIGlow>F201F9</UIGlow>Element: <UIGlow>01</UIGlow><UIForeground>01</UIForeground>Neutral
<UIForeground>F201F8</UIForeground><UIGlow>F201F9</UIGlow>Rang: <UIGlow>01</UIGlow><UIForeground>01</UIForeground>★
","Des Gürteltiers Hautknochenpanzer.
Die Haut verhärtet sich um ein Vielfaches durch Magie. Zwar wird der Aufprall von physischen Angriffen gelindert, Schmerzen verspürt man aber immer noch.",1,2955,70311,70310,False,True,False,False,False,False,False,False,False,False,False,False
108,108,72309,"<UIForeground>F201F8</UIForeground><UIGlow>F201F9</UIGlow>Typus: <UIGlow>01</UIGlow><UIForeground>01</UIForeground>Magie
<UIForeground>F201F8</UIForeground><UIGlow>F201F9</UIGlow>Element: <UIGlow>01</UIGlow><UIForeground>01</UIForeground>Neutral
<UIForeground>F201F8</UIForeground><UIGlow>F201F9</UIGlow>Rang: <UIGlow>01</UIGlow><UIForeground>01</UIForeground>★
","Des Gürteltiers Feuchtigkeit.
Es sammelt Wasserpartikel aus der Luft und gibt seinem Körper so die nötige Feuchtigkeit, um sich zu regenerieren. Trockenheit und Stress sind der größte Feind von gesunder Haut!",1,2955,70312,70311,False,True,False,False,False,False,False,False,False,False,False,False
109,109,72310,"<UIForeground>F201F8</UIForeground><UIGlow>F201F9</UIGlow>Typus: <UIGlow>01</UIGlow><UIForeground>01</UIForeground>Magie
<UIForeground>F201F8</UIForeground><UIGlow>F201F9</UIGlow>Element: <UIGlow>01</UIGlow><UIForeground>01</UIForeground>Neutral
<UIForeground>F201F8</UIForeground><UIGlow>F201F9</UIGlow>Rang: <UIGlow>01</UIGlow><UIForeground>01</UIForeground>★★★
","Blaumagie der Schalentiere der neuen Welt.
Feuer, Eis und Blitz. Das Anstauen und Ausatmen des Äthers ganzer drei Elemente ist Teil dieses Angriffs. Durch das Anstauen im Körper kann das Gleichgewicht des Äthers gestört werden, und zu häufiges Anwenden hat fatale Folgen.",2,0,0,0,True,False,False,False,False,False,False,False,False,False,False,False
110,110,72311,"<UIForeground>F201F8</UIForeground><UIGlow>F201F9</UIGlow>Typus: <UIGlow>01</UIGlow><UIForeground>01</UIForeground>Physisch/Schlag
<UIForeground>F201F8</UIForeground><UIGlow>F201F9</UIGlow>Element: <UIGlow>01</UIGlow><UIForeground>01</UIForeground>Neutral
<UIForeground>F201F8</UIForeground><UIGlow>F201F9</UIGlow>Rang: <UIGlow>01</UIGlow><UIForeground>01</UIForeground>★★★★
","Der Zorn des Phantom-Berserkers.
Von Hass und Wut übermannt entfesselt der Anwender eine Welle der Zerstörung. Ein äußerst effektiver Angriff, der jedoch auch einiges an Energie und Kraft des Anwenders verbraucht. ",4,737,0,0,True,False,False,False,False,False,False,False,False,False,False,False
111,111,72312,"<UIForeground>F201F8</UIForeground><UIGlow>F201F9</UIGlow>Typus: <UIGlow>01</UIGlow><UIForeground>01</UIForeground>Magie
<UIForeground>F201F8</UIForeground><UIGlow>F201F9</UIGlow>Element: <UIGlow>01</UIGlow><UIForeground>01</UIForeground>Erde
<UIForeground>F201F8</UIForeground><UIGlow>F201F9</UIGlow>Rang: <UIGlow>01</UIGlow><UIForeground>01</UIForeground>★★
","Der Dreck des Matschmannes.
Erzeugt mit der Hilfe von Äther des Elements Erde eine riesige Kugel aus Schlamm und Dreck, nur um sie dann dem Gegner an den Kopf zu werfen. Das schlimmste hierbei ist der seelische Schaden, den das Ziel durch den hartnäckig anhaftenden Dreck erleidet. ",4,746,0,0,True,False,False,False,False,False,False,False,False,False,False,False
112,112,72313,"<UIForeground>F201F8</UIForeground><UIGlow>F201F9</UIGlow>Typus: <UIGlow>01</UIGlow><UIForeground>01</UIForeground>Physisch/Schlag
<UIForeground>F201F8</UIForeground><UIGlow>F201F9</UIGlow>Element: <UIGlow>01</UIGlow><UIForeground>01</UIForeground>Neutral
<UIForeground>F201F8</UIForeground><UIGlow>F201F9</UIGlow>Rang: <UIGlow>01</UIGlow><UIForeground>01</UIForeground>★★★
","Das Fegegeschick des Einsiedlers.
Beschwört Besen zum Saubermachen herbei. Je mehr Dreck ein auf diese Weise beschworener Besen zu fegen bekommt, desto glücklicher wird er.",4,692,0,0,True,True,False,False,False,False,False,False,False,False,False,False
113,113,72314,"<UIForeground>F201F8</UIForeground><UIGlow>F201F9</UIGlow>Typus: <UIGlow>01</UIGlow><UIForeground>01</UIForeground>Physisch/Hieb
<UIForeground>F201F8</UIForeground><UIGlow>F201F9</UIGlow>Element: <UIGlow>01</UIGlow><UIForeground>01</UIForeground>Neutral
<UIForeground>F201F8</UIForeground><UIGlow>F201F9</UIGlow>Rang: <UIGlow>01</UIGlow><UIForeground>01</UIForeground>★★★★
","Von der Rubin-Waffe inspirierte Blaumagie.
In dem Original wird die durch den eingebauten Dynamo erzeugte Energie genutzt, um Gegner niederzumähen. Diese Magie erlaubt es dem Anwender, den Mechanismus durch den Einsatz von Äther zu imitieren.",4,717,0,0,True,False,False,False,False,False,False,False,False,False,False,False
114,114,72315,"<UIForeground>F201F8</UIForeground><UIGlow>F201F9</UIGlow>Typus: <UIGlow>01</UIGlow><UIForeground>01</UIForeground>Magie
<UIForeground>F201F8</UIForeground><UIGlow>F201F9</UIGlow>Element: <UIGlow>01</UIGlow><UIForeground>01</UIForeground>Neutral
<UIForeground>F201F8</UIForeground><UIGlow>F201F9</UIGlow>Rang: <UIGlow>01</UIGlow><UIForeground>01</UIForeground>★★★★
","Titanias Lieblingsrune.
Basierend auf Runen, jener magischen Feensprache, wird Äther als Welle freigesetzt. Außerdem kann ein Phänomen beobachtet werden, welches dafür sorgt, dass ausgestoßener Äther des Zieles absorbiert wird.",4,657,0,0,True,True,False,False,False,False,False,False,False,False,False,False
115,115,72316,"<UIForeground>F201F8</UIForeground><UIGlow>F201F9</UIGlow>Typus: <UIGlow>01</UIGlow><UIForeground>01</UIForeground>Magie
<UIForeground>F201F8</UIForeground><UIGlow>F201F9</UIGlow>Element: <UIGlow>01</UIGlow><UIForeground>01</UIForeground>Neutral
<UIForeground>F201F8</UIForeground><UIGlow>F201F9</UIGlow>Rang: <UIGlow>01</UIGlow><UIForeground>01</UIForeground>★★★★
","Das Vermächtnis des Prim-Eden.
Verzerrt die Dimension und sorgt für die Freigabe einer riesigen Menge Äther. Der Schaden ist gigantisch, aber um Verletzungen an sich selber zu vermeiden, muss der Anwender einen Schutzwall erschaffen, was die Ausführung des Zaubers verzögern kann.",4,653,0,0,True,False,False,False,False,False,False,False,False,False,False,True
116,116,72317,"<UIForeground>F201F8</UIForeground><UIGlow>F201F9</UIGlow>Typus: <UIGlow>01</UIGlow><UIForeground>01</UIForeground>Magie
<UIForeground>F201F8</UIForeground><UIGlow>F201F9</UIGlow>Element: <UIGlow>01</UIGlow><UIForeground>01</UIForeground>Neutral
<UIForeground>F201F8</UIForeground><UIGlow>F201F9</UIGlow>Rang: <UIGlow>01</UIGlow><UIForeground>01</UIForeground>★★★
 ","Strafe der geläuterten Unzucht.
Ein Angriff mit gebündeltem Licht. Da dies nur eine Nachahmung des Originals ist, besteht kein Grund zur Sorge, dass das Ziel sich in einen Sünden<SoftHyphen/>ver<SoftHyphen/>tilger verwandelt.",4,659,0,0,True,False,False,False,False,False,False,False,False,False,False,False
117,117,72318,"<UIForeground>F201F8</UIForeground><UIGlow>F201F9</UIGlow>Typus: <UIGlow>01</UIGlow><UIForeground>01</UIForeground>Magie
<UIForeground>F201F8</UIForeground><UIGlow>F201F9</UIGlow>Element: <UIGlow>01</UIGlow><UIForeground>01</UIForeground>Neutral
<UIForeground>F201F8</UIForeground><UIGlow>F201F9</UIGlow>Rang: <UIGlow>01</UIGlow><UIForeground>01</UIForeground>★★★
 ","Die Kraft des Sephirot.
Was im Original als Angriffsmagie verwendet wird, wurde hier in das Gegenteil umgekehrt und dient als schützendes Kraftfeld. Leider ist das Feld nicht besonders stabil, weswegen es entweder nur physische oder nur magische Angriffe abhalten kann. ",2,0,0,0,False,True,False,False,False,False,False,False,False,False,False,False
118,118,72319,"<UIForeground>F201F8</UIForeground><UIGlow>F201F9</UIGlow>Typus: <UIGlow>01</UIGlow><UIForeground>01</UIForeground>Physisch/Stich
<UIForeground>F201F8</UIForeground><UIGlow>F201F9</UIGlow>Element: <UIGlow>01</UIGlow><UIForeground>01</UIForeground>Neutral
<UIForeground>F201F8</UIForeground><UIGlow>F201F9</UIGlow>Rang: <UIGlow>01</UIGlow><UIForeground>01</UIForeground>★★★
","Die Schwere der Innozenz.
Eine Barrage aus herabfallenden Lanzen gleißenden Lichtes. Es wird gesagt, dass Lord Vauthry mit dieser Technik Sünden<SoftHyphen/>ver<SoftHyphen/>tilger zu Meol verarbeitete. Je öfter sie verwendet wird, desto näher kommt der Anwender der Allmächtigkeit. ",4,666,0,0,True,False,False,False,False,False,False,False,False,False,False,False
119,119,72320,"<UIForeground>F201F8</UIForeground><UIGlow>F201F9</UIGlow>Typus: <UIGlow>01</UIGlow><UIForeground>01</UIForeground>Magie
<UIForeground>F201F8</UIForeground><UIGlow>F201F9</UIGlow>Element: <UIGlow>01</UIGlow><UIForeground>01</UIForeground>Neutral
<UIForeground>F201F8</UIForeground><UIGlow>F201F9</UIGlow>Rang: <UIGlow>01</UIGlow><UIForeground>01</UIForeground>★★★
","Der Blick von Edens Verheißung.
Der Anwender nutzt seine Augen als Äthergramme und sammelt solch riesige Mengen an Äther an, dass der Aufprall des Strahls für eine Druckwelle sorgt. Leider bekommt man durch die Benutzung des Zaubers sehr schnell trockene Augen.",4,758,0,0,True,False,False,False,False,False,False,False,False,False,False,False
120,120,72321,"<UIForeground>F201F8</UIForeground><UIGlow>F201F9</UIGlow>Typus: <UIGlow>01</UIGlow><UIForeground>01</UIForeground>Magie
<UIForeground>F201F8</UIForeground><UIGlow>F201F9</UIGlow>Element: <UIGlow>01</UIGlow><UIForeground>01</UIForeground>Neutral
<UIForeground>F201F8</UIForeground><UIGlow>F201F9</UIGlow>Rang: <UIGlow>01</UIGlow><UIForeground>01</UIForeground>★★
","Aenc Thons süßes Geheimnis.
Diese Magie lässt Süßigkeiten vom Himmel regnen, die ebenso süßen Schmerz verursachen. Allerdings besteht der Schauer nicht aus<SoftHyphen/>schließ<SoftHyphen/>lich aus Zuckerstangen.",4,649,0,0,True,True,False,False,False,False,False,False,False,False,False,False
121,121,72322,"<UIForeground>F201F8</UIForeground><UIGlow>F201F9</UIGlow>Typus: <UIGlow>01</UIGlow><UIForeground>01</UIForeground>Magie
<UIForeground>F201F8</UIForeground><UIGlow>F201F9</UIGlow>Element: <UIGlow>01</UIGlow><UIForeground>01</UIForeground>Feuer
<UIForeground>F201F8</UIForeground><UIGlow>F201F9</UIGlow>Rang: <UIGlow>01</UIGlow><UIForeground>01</UIForeground>★★★
","Der ewige Schmerz des Lugus.
Diese Flammen gehen erst aus, wenn nichts mehr von dem Ziel übrig ist. Bei der Entwicklung dieser Blaumagie wurde etwas an der Stärke der Flammen gedreht, um Stadtbrände zu vermeiden. Für ein kleines Lagerfeuer reicht es aber immer noch.",4,692,0,0,True,False,False,False,False,False,False,False,False,False,False,False
122,122,72323,"<UIForeground>F201F8</UIForeground><UIGlow>F201F9</UIGlow>Typus: <UIGlow>01</UIGlow><UIForeground>01</UIForeground>Magie
<UIForeground>F201F8</UIForeground><UIGlow>F201F9</UIGlow>Element: <UIGlow>01</UIGlow><UIForeground>01</UIForeground>Wasser
<UIForeground>F201F8</UIForeground><UIGlow>F201F9</UIGlow>Rang: <UIGlow>01</UIGlow><UIForeground>01</UIForeground>★★★★★
","Freude des Nixchens.
Eine riesige Menge Wasser wird zu einem Strudel verrührt und dann freigelassen. Was für Nixchen nur als kleines Planschbecken für ihren Nachwuchs fungiert, richtet unsereins fatalen Schaden an.",4,746,0,0,True,False,False,False,False,False,False,False,False,False,False,False
123,123,72324,"<UIForeground>F201F8</UIForeground><UIGlow>F201F9</UIGlow>Typus: <UIGlow>01</UIGlow><UIForeground>01</UIForeground>Magie
<UIForeground>F201F8</UIForeground><UIGlow>F201F9</UIGlow>Element: <UIGlow>01</UIGlow><UIForeground>01</UIForeground>Neutral
<UIForeground>F201F8</UIForeground><UIGlow>F201F9</UIGlow>Rang: <UIGlow>01</UIGlow><UIForeground>01</UIForeground>★★★★★
","Therions Gedanken.
Diese Magie wird weder durch das Sprechen eines Spruches noch durch Runen beschworen, sondern allein mit der Kraft der Gedanken. Falls der Anwender das Ende herbeisehnen sollte, kann der Effekt auf unbestimmt lange Zeit anhalten.",4,652,0,0,True,False,False,False,False,False,False,False,False,False,False,False
124,124,72325,"<UIForeground>F201F8</UIForeground><UIGlow>F201F9</UIGlow>Typus: <UIGlow>01</UIGlow><UIForeground>01</UIForeground>Magie
<UIForeground>F201F8</UIForeground><UIGlow>F201F9</UIGlow>Element: <UIGlow>01</UIGlow><UIForeground>01</UIForeground>Neutral
<UIForeground>F201F8</UIForeground><UIGlow>F201F9</UIGlow>Rang: <UIGlow>01</UIGlow><UIForeground>01</UIForeground>★★★★★
","Titanias Fluch und Segen.
Die Verflechtung von mehreren Ebenen an Runen sorgt für einen Wirbel aus Magie. In der Feensprache wird „Sterblichkeit“ zwar hauptsächlich herabschauend verwendet, Mitleid und Mitgefühl für unsereins schwingen aber auch mit.",4,657,0,0,True,False,False,False,False,False,False,False,False,False,False,False
