key,0,1,2,3,4,5
#,Text,SelfKind,TargetKind,NumParam,FCActivityCategory,IconType
int32,str,byte,byte,byte,FCActivityCategory,sbyte
0,"",0,0,0,0,-1
1,"Die Freie Ge<SoftHyphen/>sell<SoftHyphen/>schaft wurde gegründet.",0,0,0,1,0
2,"Der Rang der Freien Ge<SoftHyphen/>sell<SoftHyphen/>schaft ist auf <Value>IntegerParameter(1)</Value> gestiegen!",0,0,1,1,0
3,"Das Verhältnis zum Mahlstrom ist nun „<Sheet(FCReputation,IntegerParameter(2),4)/>“!",1,0,1,1,5
4,"Das Verhältnis zur Bruderschaft der Morgenviper ist nun „<Sheet(FCReputation,IntegerParameter(2),4)/>“!",1,0,1,1,6
5,"Das Verhältnis zur Legion der Unsterblichen ist nun „<Sheet(FCReputation,IntegerParameter(2),4)/>“!",1,0,1,1,7
6,"Du hast neue Rechte („<Sheet(FCRights,IntegerParameter(1),0)/>“) erhalten!",0,0,1,1,0
7,"<Clickable(<If(Equal(ObjectParameter(1),ObjectParameter(2)))><Switch(1)><Case(1)>du</Case><Case(2)>deiner</Case><Case(3)>dir</Case><Case(4)>dich</Case></Switch><Else/><If(PlayerParameter(7))><SheetDe(ObjStr,2,PlayerParameter(7),1,1,1)/><Else/>ObjectParameter(2)</If></If>)/> <If(Equal(ObjectParameter(1),ObjectParameter(2)))>bist<Else/>ist</If> der Ge<SoftHyphen/>sell<SoftHyphen/>schaft beigetreten.",4,0,0,2,1
8,"<Clickable(<If(Equal(ObjectParameter(1),ObjectParameter(2)))><Switch(1)><Case(1)>du</Case><Case(2)>deiner</Case><Case(3)>dir</Case><Case(4)>dich</Case></Switch><Else/><If(PlayerParameter(7))><SheetDe(ObjStr,2,PlayerParameter(7),1,1,1)/><Else/>ObjectParameter(2)</If></If>)/> <If(Equal(ObjectParameter(1),ObjectParameter(2)))>bist<Else/>ist</If> der Ge<SoftHyphen/>sell<SoftHyphen/>schaft beigetreten.",4,0,0,2,1
9,"<Clickable(<If(Equal(ObjectParameter(1),ObjectParameter(2)))><Switch(1)><Case(1)>du</Case><Case(2)>deiner</Case><Case(3)>dir</Case><Case(4)>dich</Case></Switch><Else/><If(PlayerParameter(7))><SheetDe(ObjStr,2,PlayerParameter(7),1,1,1)/><Else/>ObjectParameter(2)</If></If>)/> <If(Equal(ObjectParameter(1),ObjectParameter(2)))>bist<Else/>ist</If> aus der Ge<SoftHyphen/>sell<SoftHyphen/>schaft ausgetreten.",4,0,0,2,2
10,"<Clickable(<If(Equal(ObjectParameter(1),ObjectParameter(2)))><Switch(1)><Case(1)>du</Case><Case(2)>deiner</Case><Case(3)>dir</Case><Case(4)>dich</Case></Switch><Else/><If(PlayerParameter(7))><SheetDe(ObjStr,2,PlayerParameter(7),1,1,1)/><Else/>ObjectParameter(2)</If></If>)/> <If(Equal(ObjectParameter(1),ObjectParameter(2)))>bist<Else/>ist</If> aus der Ge<SoftHyphen/>sell<SoftHyphen/>schaft entfernt worden.",4,0,0,2,2
11,"<If(Equal(ObjectParameter(1),ObjectParameter(2)))>Du hast<Else/><If(Equal(ObjectParameter(1),ObjectParameter(2)))><Switch(3)><Case(1)>du</Case><Case(2)>deiner</Case><Case(3)>dir</Case><Case(4)>dich</Case></Switch><Else/><If(PlayerParameter(7))><SheetDe(ObjStr,2,PlayerParameter(7),1,3,1)/><Else/>ObjectParameter(2)</If></If> hat</If> nun den Rang „<If(PlayerParameter(8))><Sheet(ObjStr,PlayerParameter(8),0)/><Else/>ObjectParameter(3)</If>“.",4,5,0,2,3
12,"<If(Equal(ObjectParameter(1),ObjectParameter(2)))>Du hast<Else/><If(Equal(ObjectParameter(1),ObjectParameter(2)))><Switch(3)><Case(1)>du</Case><Case(2)>deiner</Case><Case(3)>dir</Case><Case(4)>dich</Case></Switch><Else/><If(PlayerParameter(7))><SheetDe(ObjStr,2,PlayerParameter(7),1,3,1)/><Else/>ObjectParameter(2)</If></If> hat</If> nun den Rang „<If(PlayerParameter(8))><Sheet(ObjStr,PlayerParameter(8),0)/><Else/>ObjectParameter(3)</If>“.",4,5,0,2,3
13,"<If(Equal(ObjectParameter(1),ObjectParameter(2)))>Du hast<Else/><If(Equal(ObjectParameter(1),ObjectParameter(2)))><Switch(3)><Case(1)>du</Case><Case(2)>deiner</Case><Case(3)>dir</Case><Case(4)>dich</Case></Switch><Else/><If(PlayerParameter(7))><SheetDe(ObjStr,2,PlayerParameter(7),1,3,1)/><Else/>ObjectParameter(2)</If></If> hat</If> nun den Rang „<If(PlayerParameter(8))><Sheet(ObjStr,PlayerParameter(8),0)/><Else/>ObjectParameter(3)</If>“.",4,5,0,2,3
14,"Die Freie Ge<SoftHyphen/>sell<SoftHyphen/>schaft folgt nun dem Mahlstrom.",0,1,0,1,5
15,"Die Freie Ge<SoftHyphen/>sell<SoftHyphen/>schaft folgt nun der Bruderschaft der Morgenviper.",0,1,0,1,6
16,"Die Freie Ge<SoftHyphen/>sell<SoftHyphen/>schaft folgt nun der Legion der Unsterblichen.",0,1,0,1,7
17,"<Clickable(<If(Equal(ObjectParameter(1),ObjectParameter(2)))><Switch(1)><Case(1)>du</Case><Case(2)>deiner</Case><Case(3)>dir</Case><Case(4)>dich</Case></Switch><Else/><If(PlayerParameter(7))><SheetDe(ObjStr,2,PlayerParameter(7),1,1,1)/><Else/>ObjectParameter(2)</If></If>)/> <If(Equal(ObjectParameter(1),ObjectParameter(2)))>hast<Else/>hat</If> den Rang „<If(PlayerParameter(8))><Sheet(ObjStr,PlayerParameter(8),0)/><Else/>ObjectParameter(3)</If>“ bearbeitet.",4,5,0,3,3
18,"<Clickable(<If(Equal(ObjectParameter(1),ObjectParameter(2)))><Switch(1)><Case(1)>du</Case><Case(2)>deiner</Case><Case(3)>dir</Case><Case(4)>dich</Case></Switch><Else/><If(PlayerParameter(7))><SheetDe(ObjStr,2,PlayerParameter(7),1,1,1)/><Else/>ObjectParameter(2)</If></If>)/> <If(Equal(ObjectParameter(1),ObjectParameter(2)))>hast<Else/>hat</If> den Rang „<If(PlayerParameter(8))><Sheet(ObjStr,PlayerParameter(8),0)/><Else/>ObjectParameter(3)</If>“ hinzugefügt.",4,5,0,3,3
19,"<Clickable(<If(Equal(ObjectParameter(1),ObjectParameter(2)))><Switch(1)><Case(1)>du</Case><Case(2)>deiner</Case><Case(3)>dir</Case><Case(4)>dich</Case></Switch><Else/><If(PlayerParameter(7))><SheetDe(ObjStr,2,PlayerParameter(7),1,1,1)/><Else/>ObjectParameter(2)</If></If>)/> <If(Equal(ObjectParameter(1),ObjectParameter(2)))>hast<Else/>hat</If> den Rang „<If(PlayerParameter(8))><Sheet(ObjStr,PlayerParameter(8),0)/><Else/>ObjectParameter(3)</If>“ entfernt.",4,5,0,3,3
20,"<Clickable(<If(Equal(ObjectParameter(1),ObjectParameter(2)))><Switch(1)><Case(1)>du</Case><Case(2)>deiner</Case><Case(3)>dir</Case><Case(4)>dich</Case></Switch><Else/><If(PlayerParameter(7))><SheetDe(ObjStr,2,PlayerParameter(7),1,1,1)/><Else/>ObjectParameter(2)</If></If>)/> <If(Equal(ObjectParameter(1),ObjectParameter(2)))>hast<Else/>hat</If> die Hierarchie geändert.",4,0,0,3,3
21,"",4,6,1,0,-1
22,"",4,0,0,0,-1
23,"",4,0,0,0,-1
24,"<Clickable(<If(Equal(ObjectParameter(1),ObjectParameter(2)))><Switch(1)><Case(1)>du</Case><Case(2)>deiner</Case><Case(3)>dir</Case><Case(4)>dich</Case></Switch><Else/><If(PlayerParameter(7))><SheetDe(ObjStr,2,PlayerParameter(7),1,1,1)/><Else/>ObjectParameter(2)</If></If>)/> <If(Equal(ObjectParameter(1),ObjectParameter(2)))>hast<Else/>hat</If> das Anschlagbrett aktualisiert.",4,0,0,3,4
25,"<Clickable(<If(Equal(ObjectParameter(1),ObjectParameter(2)))><Switch(1)><Case(1)>du</Case><Case(2)>deiner</Case><Case(3)>dir</Case><Case(4)>dich</Case></Switch><Else/><If(PlayerParameter(7))><SheetDe(ObjStr,2,PlayerParameter(7),1,1,1)/><Else/>ObjectParameter(2)</If></If>)/> <If(Equal(ObjectParameter(1),ObjectParameter(2)))>hast<Else/>hat</If> das Ge<SoftHyphen/>sell<SoftHyphen/>schaftsprofil aktualisiert.",4,0,0,3,4
26,"<Clickable(<If(Equal(ObjectParameter(1),ObjectParameter(2)))><Switch(1)><Case(1)>du</Case><Case(2)>deiner</Case><Case(3)>dir</Case><Case(4)>dich</Case></Switch><Else/><If(PlayerParameter(7))><SheetDe(ObjStr,2,PlayerParameter(7),1,1,1)/><Else/>ObjectParameter(2)</If></If>)/> <If(Equal(ObjectParameter(1),ObjectParameter(2)))>hast<Else/>hat</If> das Ge<SoftHyphen/>sell<SoftHyphen/>schaftswappen geändert.",4,0,0,3,8
27,"<Clickable(<If(Equal(ObjectParameter(1),ObjectParameter(2)))><Switch(1)><Case(1)>du</Case><Case(2)>deiner</Case><Case(3)>dir</Case><Case(4)>dich</Case></Switch><Else/><If(PlayerParameter(7))><SheetDe(ObjStr,2,PlayerParameter(7),1,1,1)/><Else/>ObjectParameter(2)</If></If>)/> <If(Equal(ObjectParameter(1),ObjectParameter(2)))>hast<Else/>hat</If> das Kommando „<Sheet(CompanyAction,IntegerParameter(1),0)/>“ erworben.",4,0,1,4,9
28,"<Clickable(<If(Equal(ObjectParameter(1),ObjectParameter(2)))><Switch(1)><Case(1)>du</Case><Case(2)>deiner</Case><Case(3)>dir</Case><Case(4)>dich</Case></Switch><Else/><If(PlayerParameter(7))><SheetDe(ObjStr,2,PlayerParameter(7),1,1,1)/><Else/>ObjectParameter(2)</If></If>)/> <If(Equal(ObjectParameter(1),ObjectParameter(2)))>hast<Else/>hat</If> das Kommando „<Sheet(CompanyAction,IntegerParameter(1),0)/>“ benutzt.",4,0,1,4,9
29,"Diese Aktivität wurde gelöscht.",0,0,0,0,4
30,"<Clickable(<If(Equal(ObjectParameter(1),ObjectParameter(2)))><Switch(1)><Case(1)>du</Case><Case(2)>deiner</Case><Case(3)>dir</Case><Case(4)>dich</Case></Switch><Else/><If(PlayerParameter(7))><SheetDe(ObjStr,2,PlayerParameter(7),1,1,1)/><Else/>ObjectParameter(2)</If></If>)/> <If(Equal(ObjectParameter(1),ObjectParameter(2)))>hast<Else/>hat</If> einen Rang in „<If(PlayerParameter(8))><Sheet(ObjStr,PlayerParameter(8),0)/><Else/>ObjectParameter(3)</If>“ umbenannt.",4,5,0,3,3
31,"<Clickable(<If(Equal(ObjectParameter(1),ObjectParameter(2)))><Switch(1)><Case(1)>du</Case><Case(2)>deiner</Case><Case(3)>dir</Case><Case(4)>dich</Case></Switch><Else/><If(PlayerParameter(7))><SheetDe(ObjStr,2,PlayerParameter(7),1,1,1)/><Else/>ObjectParameter(2)</If></If>)/> <If(Equal(ObjectParameter(1),ObjectParameter(2)))>hast<Else/>hat</If> die Anwendung von „<Sheet(CompanyAction,IntegerParameter(1),0)/>“ beendet.",4,0,1,4,9
32,"<Clickable(<If(Equal(ObjectParameter(1),ObjectParameter(2)))><Switch(1)><Case(1)>du</Case><Case(2)>deiner</Case><Case(3)>dir</Case><Case(4)>dich</Case></Switch><Else/><If(PlayerParameter(7))><SheetDe(ObjStr,2,PlayerParameter(7),1,1,1)/><Else/>ObjectParameter(2)</If></If>)/> <If(Equal(ObjectParameter(1),ObjectParameter(2)))>hast<Else/>hat</If> das Kommando „<Sheet(CompanyAction,IntegerParameter(1),0)/>“ entfernt.",4,0,1,4,9
33,"Das Kürzel der Ge<SoftHyphen/>sell<SoftHyphen/>schaft wurde zu „<If(PlayerParameter(8))><Sheet(ObjStr,PlayerParameter(8),0)/><Else/>ObjectParameter(3)</If>“ geändert.",0,3,0,3,4
34,"Der Name der Ge<SoftHyphen/>sell<SoftHyphen/>schaft wurde zu „<If(PlayerParameter(8))><Sheet(ObjStr,PlayerParameter(8),0)/><Else/>ObjectParameter(3)</If>“ geändert.",0,2,0,3,4
35,"<Clickable(<If(Equal(ObjectParameter(1),ObjectParameter(2)))><Switch(1)><Case(1)>du</Case><Case(2)>deiner</Case><Case(3)>dir</Case><Case(4)>dich</Case></Switch><Else/><If(PlayerParameter(7))><SheetDe(ObjStr,2,PlayerParameter(7),1,1,1)/><Else/>ObjectParameter(2)</If></If>)/> <If(Equal(ObjectParameter(1),ObjectParameter(2)))>hast<Else/>hat</If> den Namen des Gebäudes <Sheet(PlaceName,IntegerParameter(1),8,2)/>, <Value>IntegerParameter(2)</Value>. Bezirk - <Value>IntegerParameter(3)</Value> in „<If(PlayerParameter(8))><Sheet(ObjStr,PlayerParameter(8),0)/><Else/>ObjectParameter(3)</If>“ geändert.",4,9,0,5,11
36,"<Clickable(<If(Equal(ObjectParameter(1),ObjectParameter(2)))><Switch(1)><Case(1)>du</Case><Case(2)>deiner</Case><Case(3)>dir</Case><Case(4)>dich</Case></Switch><Else/><If(PlayerParameter(7))><SheetDe(ObjStr,2,PlayerParameter(7),1,1,1)/><Else/>ObjectParameter(2)</If></If>)/> <If(Equal(ObjectParameter(1),ObjectParameter(2)))>hast<Else/>hat</If> das Grußwort von „<If(PlayerParameter(8))><Sheet(ObjStr,PlayerParameter(8),0)/><Else/>ObjectParameter(3)</If>“ geändert.",4,8,0,5,11
37,"<Clickable(<If(Equal(ObjectParameter(1),ObjectParameter(2)))><Switch(1)><Case(1)>du</Case><Case(2)>deiner</Case><Case(3)>dir</Case><Case(4)>dich</Case></Switch><Else/><If(PlayerParameter(7))><SheetDe(ObjStr,2,PlayerParameter(7),1,1,1)/><Else/>ObjectParameter(2)</If></If>)/> <If(Equal(ObjectParameter(1),ObjectParameter(2)))>hast<Else/>hat</If> ein Grundstück <Sheet(PlaceName,IntegerParameter(1),8,2)/>, <Value>IntegerParameter(2)</Value>. Bezirk - <Value>IntegerParameter(3)</Value> erworben.",4,7,0,5,11
38,"<Clickable(<If(Equal(ObjectParameter(1),ObjectParameter(2)))><Switch(1)><Case(1)>du</Case><Case(2)>deiner</Case><Case(3)>dir</Case><Case(4)>dich</Case></Switch><Else/><If(PlayerParameter(7))><SheetDe(ObjStr,2,PlayerParameter(7),1,1,1)/><Else/>ObjectParameter(2)</If></If>)/> <If(Equal(ObjectParameter(1),ObjectParameter(2)))>hast<Else/>hat</If> das Grundstück <Sheet(PlaceName,IntegerParameter(1),8,2)/>, <Value>IntegerParameter(2)</Value>. Bezirk - <Value>IntegerParameter(3)</Value> aufgegeben.",4,7,0,5,11
39,"Das Grundstück <Sheet(PlaceName,IntegerParameter(1),8,2)/>, <Value>IntegerParameter(2)</Value>. Bezirk - <Value>IntegerParameter(3)</Value> wurde automatisch zurückgegeben.",0,7,0,5,11
40,"<Clickable(<If(Equal(ObjectParameter(1),ObjectParameter(2)))><Switch(1)><Case(1)>du</Case><Case(2)>deiner</Case><Case(3)>dir</Case><Case(4)>dich</Case></Switch><Else/><If(PlayerParameter(7))><SheetDe(ObjStr,2,PlayerParameter(7),1,1,1)/><Else/>ObjectParameter(2)</If></If>)/> <If(Equal(ObjectParameter(1),ObjectParameter(2)))>hast<Else/>hat</If> auf dem Grundstück <Sheet(PlaceName,IntegerParameter(1),8,2)/>, <Value>IntegerParameter(2)</Value>. Bezirk - <Value>IntegerParameter(3)</Value> ein Gebäude vom Typ „<Sheet(HousingPreset,IntegerParameter(4),0)/>“ errichtet.",4,7,1,5,11
41,"<Clickable(<If(Equal(ObjectParameter(1),ObjectParameter(2)))><Switch(1)><Case(1)>du</Case><Case(2)>deiner</Case><Case(3)>dir</Case><Case(4)>dich</Case></Switch><Else/><If(PlayerParameter(7))><SheetDe(ObjStr,2,PlayerParameter(7),1,1,1)/><Else/>ObjectParameter(2)</If></If>)/> <If(Equal(ObjectParameter(1),ObjectParameter(2)))>hast<Else/>hat</If> „<If(PlayerParameter(8))><Sheet(ObjStr,PlayerParameter(8),0)/><Else/>ObjectParameter(3)</If>“ entfernt.",4,8,0,5,11
42,"<Clickable(<If(Equal(ObjectParameter(1),ObjectParameter(2)))><Switch(1)><Case(1)>du</Case><Case(2)>deiner</Case><Case(3)>dir</Case><Case(4)>dich</Case></Switch><Else/><If(PlayerParameter(7))><SheetDe(ObjStr,2,PlayerParameter(7),1,1,1)/><Else/>ObjectParameter(2)</If></If>)/> <If(Equal(ObjectParameter(1),ObjectParameter(2)))>hast<Else/>hat</If> die Außenelemente von „<If(PlayerParameter(8))><Sheet(ObjStr,PlayerParameter(8),0)/><Else/>ObjectParameter(3)</If>“ geändert.",4,8,0,5,11
43,"<Clickable(<If(Equal(ObjectParameter(1),ObjectParameter(2)))><Switch(1)><Case(1)>du</Case><Case(2)>deiner</Case><Case(3)>dir</Case><Case(4)>dich</Case></Switch><Else/><If(PlayerParameter(7))><SheetDe(ObjStr,2,PlayerParameter(7),1,1,1)/><Else/>ObjectParameter(2)</If></If>)/> <If(Equal(ObjectParameter(1),ObjectParameter(2)))>hast<Else/>hat</If> die Innenelemente von „<If(PlayerParameter(8))><Sheet(ObjStr,PlayerParameter(8),0)/><Else/>ObjectParameter(3)</If>“ geändert.",4,8,0,5,11
44,"<Clickable(<If(Equal(ObjectParameter(1),ObjectParameter(2)))><Switch(1)><Case(1)>du</Case><Case(2)>deiner</Case><Case(3)>dir</Case><Case(4)>dich</Case></Switch><Else/><If(PlayerParameter(7))><SheetDe(ObjStr,2,PlayerParameter(7),1,1,1)/><Else/>ObjectParameter(2)</If></If>)/> <If(Equal(ObjectParameter(1),ObjectParameter(2)))>hast<Else/>hat</If> die Zimmerausstattung von „<If(PlayerParameter(8))><Sheet(ObjStr,PlayerParameter(8),0)/><Else/>ObjectParameter(3)</If>“ umgestellt.",4,8,0,5,11
45,"<Clickable(<If(Equal(ObjectParameter(1),ObjectParameter(2)))><Switch(1)><Case(1)>du</Case><Case(2)>deiner</Case><Case(3)>dir</Case><Case(4)>dich</Case></Switch><Else/><If(PlayerParameter(7))><SheetDe(ObjStr,2,PlayerParameter(7),1,1,1)/><Else/>ObjectParameter(2)</If></If>)/> <If(Equal(ObjectParameter(1),ObjectParameter(2)))>hast<Else/>hat</If> die Gartenausstattung von „<If(PlayerParameter(8))><Sheet(ObjStr,PlayerParameter(8),0)/><Else/>ObjectParameter(3)</If>“ umgestellt.",4,8,0,5,11
46,"<Clickable(<If(Equal(ObjectParameter(1),ObjectParameter(2)))><Switch(1)><Case(1)>du</Case><Case(2)>deiner</Case><Case(3)>dir</Case><Case(4)>dich</Case></Switch><Else/><If(PlayerParameter(7))><SheetDe(ObjStr,2,PlayerParameter(7),1,1,1)/><Else/>ObjectParameter(2)</If></If>)/> <If(Equal(ObjectParameter(1),ObjectParameter(2)))>hast<Else/>hat</If> eine Nachricht aus dem Diarium von „<If(PlayerParameter(8))><Sheet(ObjStr,PlayerParameter(8),0)/><Else/>ObjectParameter(3)</If>“ gelöscht.",4,8,0,5,11
47,"<Clickable(<If(Equal(ObjectParameter(1),ObjectParameter(2)))><Switch(1)><Case(1)>du</Case><Case(2)>deiner</Case><Case(3)>dir</Case><Case(4)>dich</Case></Switch><Else/><If(PlayerParameter(7))><SheetDe(ObjStr,2,PlayerParameter(7),1,1,1)/><Else/>ObjectParameter(2)</If></If>)/> <If(Equal(ObjectParameter(1),ObjectParameter(2)))>hast<Else/>hat</If> ein Beitrittsgesuch gestellt.",4,0,0,2,12
48,"<Clickable(<If(Equal(ObjectParameter(1),ObjectParameter(2)))><Switch(1)><Case(1)>du</Case><Case(2)>deiner</Case><Case(3)>dir</Case><Case(4)>dich</Case></Switch><Else/><If(PlayerParameter(7))><SheetDe(ObjStr,2,PlayerParameter(7),1,1,1)/><Else/>ObjectParameter(2)</If></If>)/> <If(Equal(ObjectParameter(1),ObjectParameter(2)))>hast<Else/>hat</If> das Beitrittsgesuch zurückgezogen.",4,0,0,2,12
49,"Der Charakter „<If(Equal(ObjectParameter(1),ObjectParameter(2)))><Switch(1)><Case(1)>du</Case><Case(2)>deiner</Case><Case(3)>dir</Case><Case(4)>dich</Case></Switch><Else/><If(PlayerParameter(7))><SheetDe(ObjStr,2,PlayerParameter(7),1,1,1)/><Else/>ObjectParameter(2)</If></If>“ wurde gelöscht.",4,0,0,2,12
50,"Die Aufnahme von <If(Equal(ObjectParameter(1),ObjectParameter(2)))><Switch(3)><Case(1)>du</Case><Case(2)>deiner</Case><Case(3)>dir</Case><Case(4)>dich</Case></Switch><Else/><If(PlayerParameter(7))><SheetDe(ObjStr,2,PlayerParameter(7),1,3,1)/><Else/>ObjectParameter(2)</If></If> wurde abgelehnt.",4,0,0,2,12
51,"Die maximale Anzahl von Beitrittsgesuchen ist erreicht.",0,0,0,2,12
52,"<Clickable(<If(Equal(ObjectParameter(1),ObjectParameter(2)))><Switch(1)><Case(1)>du</Case><Case(2)>deiner</Case><Case(3)>dir</Case><Case(4)>dich</Case></Switch><Else/><If(PlayerParameter(7))><SheetDe(ObjStr,2,PlayerParameter(7),1,1,1)/><Else/>ObjectParameter(2)</If></If>)/> <If(Equal(ObjectParameter(1),ObjectParameter(2)))>hast<Else/>hat</If> in <If(PlayerParameter(8))><Sheet(ObjStr,PlayerParameter(8),0)/><Else/>ObjectParameter(3)</If>, <Sheet(Item,IntegerParameter(1),9)/> ausgesät.",4,10,1,6,13
53,"<Clickable(<If(Equal(ObjectParameter(1),ObjectParameter(2)))><Switch(1)><Case(1)>du</Case><Case(2)>deiner</Case><Case(3)>dir</Case><Case(4)>dich</Case></Switch><Else/><If(PlayerParameter(7))><SheetDe(ObjStr,2,PlayerParameter(7),1,1,1)/><Else/>ObjectParameter(2)</If></If>)/> <If(Equal(ObjectParameter(1),ObjectParameter(2)))>hast<Else/>hat</If> die Pflanze in <If(PlayerParameter(8))><Sheet(ObjStr,PlayerParameter(8),0)/><Else/>ObjectParameter(3)</If>, mit <SheetDe(Item,1,IntegerParameter(1),1,3,1)/> versorgt.",4,10,1,6,13
54,"<Clickable(<If(Equal(ObjectParameter(1),ObjectParameter(2)))><Switch(1)><Case(1)>du</Case><Case(2)>deiner</Case><Case(3)>dir</Case><Case(4)>dich</Case></Switch><Else/><If(PlayerParameter(7))><SheetDe(ObjStr,2,PlayerParameter(7),1,1,1)/><Else/>ObjectParameter(2)</If></If>)/> <If(Equal(ObjectParameter(1),ObjectParameter(2)))>hast<Else/>hat</If> die Pflanze in <If(PlayerParameter(8))><Sheet(ObjStr,PlayerParameter(8),0)/><Else/>ObjectParameter(3)</If>, gepflegt.",4,10,0,6,13
55,"<Clickable(<If(Equal(ObjectParameter(1),ObjectParameter(2)))><Switch(1)><Case(1)>du</Case><Case(2)>deiner</Case><Case(3)>dir</Case><Case(4)>dich</Case></Switch><Else/><If(PlayerParameter(7))><SheetDe(ObjStr,2,PlayerParameter(7),1,1,1)/><Else/>ObjectParameter(2)</If></If>)/> <If(Equal(ObjectParameter(1),ObjectParameter(2)))>hast<Else/>hat</If> in <If(PlayerParameter(8))><Sheet(ObjStr,PlayerParameter(8),0)/><Else/>ObjectParameter(3)</If>, <SheetDe(Item,1,IntegerParameter(2),IntegerParameter(1),4,1)/> geerntet.",4,11,1,6,13
56,"Außerdem konnte<If(Equal(IntegerParameter(1),1))><Else/>n</If> durch erfolgreiche Kreuzung <SheetDe(Item,1,IntegerParameter(2),IntegerParameter(1),1,1)/> geerntet werden.",0,11,1,6,13
57,"Da <If(Equal(ObjectParameter(1),ObjectParameter(2)))><Switch(1)><Case(1)>du</Case><Case(2)>deiner</Case><Case(3)>dir</Case><Case(4)>dich</Case></Switch><Else/><If(PlayerParameter(7))><SheetDe(ObjStr,2,PlayerParameter(7),1,1,1)/><Else/>ObjectParameter(2)</If></If> nicht anwesend <If(Equal(ObjectParameter(1),ObjectParameter(2)))>bist<Else/>ist</If>, wurden die Rechte als <If(PlayerParameter(8))><Sheet(ObjStr,PlayerParameter(8),0)/><Else/>ObjectParameter(3)</If> weitergegeben.",4,5,0,2,3
58,"<Clickable(<If(Equal(ObjectParameter(1),ObjectParameter(2)))><Switch(1)><Case(1)>du</Case><Case(2)>deiner</Case><Case(3)>dir</Case><Case(4)>dich</Case></Switch><Else/><If(PlayerParameter(7))><SheetDe(ObjStr,2,PlayerParameter(7),1,1,1)/><Else/>ObjectParameter(2)</If></If>)/> <If(Equal(ObjectParameter(1),ObjectParameter(2)))>hast<Else/>hat</If> die Pflanze in <If(PlayerParameter(8))><Sheet(ObjStr,PlayerParameter(8),0)/><Else/>ObjectParameter(3)</If>, vernichtet.",4,10,0,6,13
59,"<Clickable(<If(Equal(ObjectParameter(1),ObjectParameter(2)))><Switch(1)><Case(1)>du</Case><Case(2)>deiner</Case><Case(3)>dir</Case><Case(4)>dich</Case></Switch><Else/><If(PlayerParameter(7))><SheetDe(ObjStr,2,PlayerParameter(7),1,1,1)/><Else/>ObjectParameter(2)</If></If>)/> <If(Equal(ObjectParameter(1),ObjectParameter(2)))>hast<Else/>hat</If> das Gebäude um Zimmer Nr. <Value>IntegerParameter(1)</Value> erweitert.",4,0,1,5,11
60,"<Clickable(<If(Equal(ObjectParameter(1),ObjectParameter(2)))><Switch(1)><Case(1)>du</Case><Case(2)>deiner</Case><Case(3)>dir</Case><Case(4)>dich</Case></Switch><Else/><If(PlayerParameter(7))><SheetDe(ObjStr,2,PlayerParameter(7),1,1,1)/><Else/>ObjectParameter(2)</If></If>)/> <If(Equal(ObjectParameter(1),ObjectParameter(2)))>hast<Else/>hat</If> Zimmer Nr. <Value>IntegerParameter(1)</Value> geräumt.",4,0,1,5,11
61,"<Clickable(<If(Equal(ObjectParameter(1),ObjectParameter(2)))><Switch(1)><Case(1)>du</Case><Case(2)>deiner</Case><Case(3)>dir</Case><Case(4)>dich</Case></Switch><Else/><If(PlayerParameter(7))><SheetDe(ObjStr,2,PlayerParameter(7),1,1,1)/><Else/>ObjectParameter(2)</If></If>)/> <If(Equal(ObjectParameter(1),ObjectParameter(2)))>hast<Else/>hat</If> den Chocobo-Stall gesäubert.",4,0,0,7,11
62,"<Clickable(<If(Equal(ObjectParameter(1),ObjectParameter(2)))><Switch(1)><Case(1)>du</Case><Case(2)>deiner</Case><Case(3)>dir</Case><Case(4)>dich</Case></Switch><Else/><If(PlayerParameter(7))><SheetDe(ObjStr,2,PlayerParameter(7),1,1,1)/><Else/>ObjectParameter(2)</If></If>)/> <If(Equal(ObjectParameter(1),ObjectParameter(2)))>hast<Else/>hat</If> <If(Equal(ObjectParameter(1),ObjectParameter(3)))><Switch(4)><Case(1)>du</Case><Case(2)>deiner</Case><Case(3)>dir</Case><Case(4)>dich</Case></Switch><Else/><If(PlayerParameter(8))><SheetDe(ObjStr,2,PlayerParameter(8),1,4,1)/><Else/>ObjectParameter(3)</If></If> trainiert.",4,12,0,7,11
63,"<Clickable(<If(Equal(ObjectParameter(1),ObjectParameter(2)))><Switch(1)><Case(1)>du</Case><Case(2)>deiner</Case><Case(3)>dir</Case><Case(4)>dich</Case></Switch><Else/><If(PlayerParameter(7))><SheetDe(ObjStr,2,PlayerParameter(7),1,1,1)/><Else/>ObjectParameter(2)</If></If>)/> <If(Equal(ObjectParameter(1),ObjectParameter(2)))>hast<Else/>hat</If> <SheetDe(Item,1,IntegerParameter(2),1,4,1)/> in Einschub <Value>IntegerParameter(1)</Value> des Ätherrad-Ständers angebracht.",16,14,1,5,11
64,"<Clickable(<If(Equal(ObjectParameter(1),ObjectParameter(2)))><Switch(1)><Case(1)>du</Case><Case(2)>deiner</Case><Case(3)>dir</Case><Case(4)>dich</Case></Switch><Else/><If(PlayerParameter(7))><SheetDe(ObjStr,2,PlayerParameter(7),1,1,1)/><Else/>ObjectParameter(2)</If></If>)/> <If(Equal(ObjectParameter(1),ObjectParameter(2)))>hast<Else/>hat</If> <SheetDe(Item,1,IntegerParameter(2),1,4,1)/> aus Einschub <Value>IntegerParameter(1)</Value> des Ätherrad-Ständers entfernt.",16,14,1,5,11
65,"<Clickable(<If(Equal(ObjectParameter(1),ObjectParameter(2)))><Switch(1)><Case(1)>du</Case><Case(2)>deiner</Case><Case(3)>dir</Case><Case(4)>dich</Case></Switch><Else/><If(PlayerParameter(7))><SheetDe(ObjStr,2,PlayerParameter(7),1,1,1)/><Else/>ObjectParameter(2)</If></If>)/> <If(Equal(ObjectParameter(1),ObjectParameter(2)))>hast<Else/>hat</If> <SheetDe(Item,1,IntegerParameter(2),1,4,1)/> aus Einschub <Value>IntegerParameter(1)</Value> des Ätherrad-Ständers an <If(Equal(ObjectParameter(1),ObjectParameter(2)))>dich<Else/>sich</If> genommen.",16,14,1,5,11
66,"<Clickable(<If(Equal(ObjectParameter(1),ObjectParameter(2)))><Switch(1)><Case(1)>du</Case><Case(2)>deiner</Case><Case(3)>dir</Case><Case(4)>dich</Case></Switch><Else/><If(PlayerParameter(7))><SheetDe(ObjStr,2,PlayerParameter(7),1,1,1)/><Else/>ObjectParameter(2)</If></If>)/> <If(Equal(ObjectParameter(1),ObjectParameter(2)))>hast<Else/>hat</If> die Energie <SheetDe(Item,2,IntegerParameter(1),1,2,1)/> verwendet, um das Ge<SoftHyphen/>sell<SoftHyphen/>schaftskommando „<Sheet(CompanyAction,IntegerParameter(2),0)/>“ bereitzumachen.",16,14,1,4,9
67,"<Clickable(<If(Equal(ObjectParameter(1),ObjectParameter(2)))><Switch(1)><Case(1)>du</Case><Case(2)>deiner</Case><Case(3)>dir</Case><Case(4)>dich</Case></Switch><Else/><If(PlayerParameter(7))><SheetDe(ObjStr,2,PlayerParameter(7),1,1,1)/><Else/>ObjectParameter(2)</If></If>)/> <If(Equal(ObjectParameter(1),ObjectParameter(2)))>hast<Else/>hat</If> eine Werkstätte eingerichtet.",16,0,0,8,15
68,"<Clickable(<If(Equal(ObjectParameter(1),ObjectParameter(2)))><Switch(1)><Case(1)>du</Case><Case(2)>deiner</Case><Case(3)>dir</Case><Case(4)>dich</Case></Switch><Else/><If(PlayerParameter(7))><SheetDe(ObjStr,2,PlayerParameter(7),1,1,1)/><Else/>ObjectParameter(2)</If></If>)/> <If(Equal(ObjectParameter(1),ObjectParameter(2)))>hast<Else/>hat</If> die Werkstätte entfernt.",16,0,0,8,15
69,"<Clickable(<If(Equal(ObjectParameter(1),ObjectParameter(2)))><Switch(1)><Case(1)>du</Case><Case(2)>deiner</Case><Case(3)>dir</Case><Case(4)>dich</Case></Switch><Else/><If(PlayerParameter(7))><SheetDe(ObjStr,2,PlayerParameter(7),1,1,1)/><Else/>ObjectParameter(2)</If></If>)/> <If(Equal(ObjectParameter(1),ObjectParameter(2)))>hast<Else/>hat</If> die Herstellung <SheetDe(Item,1,IntegerParameter(1),1,2,1)/> eingerichtet.",16,14,0,8,15
70,"Alle Materialien für die Herstellung <SheetDe(Item,2,IntegerParameter(1),1,2,1)/> wurden bereitgestellt.",0,14,0,8,15
71,"Die Arbeit an <SheetDe(Item,2,IntegerParameter(1),1,3,1)/> <Switch(IntegerParameter(2))><Case(1)>ist fortgeschritten</Case><Case(2)>zeigt gute Fortschritte</Case><Case(3)>zeigt ausgezeichnete Fortschritte</Case></Switch>.",0,14,1,8,15
72,"<Clickable(<SheetDe(Item,2,IntegerParameter(1),1,1,1)/>)/> wurde erfolgreich hergestellt!<Switch(IntegerParameter(2))><Case(1)></Case><Case(2)> Gute Arbeit!</Case><Case(3)> Ausgezeichnete Arbeit!</Case></Switch>",0,14,1,8,15
73,"<Clickable(<If(Equal(ObjectParameter(1),ObjectParameter(2)))><Switch(1)><Case(1)>du</Case><Case(2)>deiner</Case><Case(3)>dir</Case><Case(4)>dich</Case></Switch><Else/><If(PlayerParameter(7))><SheetDe(ObjStr,2,PlayerParameter(7),1,1,1)/><Else/>ObjectParameter(2)</If></If>)/> <If(Equal(ObjectParameter(1),ObjectParameter(2)))>hast<Else/>hat</If> <SheetDe(Item,2,IntegerParameter(1),1,4,1)/> aus der Produktion der Ge<SoftHyphen/>sell<SoftHyphen/>schaftswerkstätte entgegengenommen.",16,14,0,8,15
74,"<Clickable(<If(Equal(ObjectParameter(1),ObjectParameter(2)))><Switch(1)><Case(1)>du</Case><Case(2)>deiner</Case><Case(3)>dir</Case><Case(4)>dich</Case></Switch><Else/><If(PlayerParameter(7))><SheetDe(ObjStr,2,PlayerParameter(7),1,1,1)/><Else/>ObjectParameter(2)</If></If>)/> <If(Equal(ObjectParameter(1),ObjectParameter(2)))>hast<Else/>hat</If> das momentane Projekt der Ge<SoftHyphen/>sell<SoftHyphen/>schaftswerkstätte abgebrochen.",16,0,0,8,15
75,"<Clickable(<If(Equal(ObjectParameter(1),ObjectParameter(2)))><Switch(1)><Case(1)>du</Case><Case(2)>deiner</Case><Case(3)>dir</Case><Case(4)>dich</Case></Switch><Else/><If(PlayerParameter(7))><SheetDe(ObjStr,2,PlayerParameter(7),1,1,1)/><Else/>ObjectParameter(2)</If></If>)/> <If(Equal(ObjectParameter(1),ObjectParameter(2)))>hast<Else/>hat</If> einen <Sheet(CompanyCraftDraft,IntegerParameter(1),0)/> erstellt.",16,0,1,8,15
76,"<Clickable(<If(Equal(ObjectParameter(1),ObjectParameter(2)))><Switch(1)><Case(1)>du</Case><Case(2)>deiner</Case><Case(3)>dir</Case><Case(4)>dich</Case></Switch><Else/><If(PlayerParameter(7))><SheetDe(ObjStr,2,PlayerParameter(7),1,1,1)/><Else/>ObjectParameter(2)</If></If>)/> <If(Equal(ObjectParameter(1),ObjectParameter(2)))>hast<Else/>hat</If> Luftschiff Nr. <Value>IntegerParameter(1)</Value> mit dem Namen <Emphasis><If(PlayerParameter(8))><Sheet(ObjStr,PlayerParameter(8),0)/><Else/>ObjectParameter(3)</If></Emphasis> registriert.",16,15,1,9,14
77,"<Clickable(<If(Equal(ObjectParameter(1),ObjectParameter(2)))><Switch(1)><Case(1)>du</Case><Case(2)>deiner</Case><Case(3)>dir</Case><Case(4)>dich</Case></Switch><Else/><If(PlayerParameter(7))><SheetDe(ObjStr,2,PlayerParameter(7),1,1,1)/><Else/>ObjectParameter(2)</If></If>)/> <If(Equal(ObjectParameter(1),ObjectParameter(2)))>hast<Else/>hat</If> den Namen von Luftschiff Nr. <Value>IntegerParameter(1)</Value> zu <Emphasis><If(PlayerParameter(8))><Sheet(ObjStr,PlayerParameter(8),0)/><Else/>ObjectParameter(3)</If></Emphasis> geändert.",16,15,1,9,14
78,"<Clickable(<If(Equal(ObjectParameter(1),ObjectParameter(2)))><Switch(1)><Case(1)>du</Case><Case(2)>deiner</Case><Case(3)>dir</Case><Case(4)>dich</Case></Switch><Else/><If(PlayerParameter(7))><SheetDe(ObjStr,2,PlayerParameter(7),1,1,1)/><Else/>ObjectParameter(2)</If></If>)/> <If(Equal(ObjectParameter(1),ObjectParameter(2)))>hast<Else/>hat</If> Luftschiff Nr. <Value>IntegerParameter(1)</Value> mit Namen <Emphasis><If(PlayerParameter(8))><Sheet(ObjStr,PlayerParameter(8),0)/><Else/>ObjectParameter(3)</If></Emphasis> demontiert.",16,15,1,9,14
79,"<Clickable(<If(Equal(ObjectParameter(1),ObjectParameter(2)))><Switch(1)><Case(1)>du</Case><Case(2)>deiner</Case><Case(3)>dir</Case><Case(4)>dich</Case></Switch><Else/><If(PlayerParameter(7))><SheetDe(ObjStr,2,PlayerParameter(7),1,1,1)/><Else/>ObjectParameter(2)</If></If>)/> <If(Equal(ObjectParameter(1),ObjectParameter(2)))>hast<Else/>hat</If> das Luftschiff <Emphasis><If(PlayerParameter(8))><Sheet(ObjStr,PlayerParameter(8),0)/><Else/>ObjectParameter(3)</If></Emphasis> auf Erkundungsreise geschickt.",16,15,0,9,14
80,"<Clickable(<If(Equal(ObjectParameter(1),ObjectParameter(2)))><Switch(1)><Case(1)>du</Case><Case(2)>deiner</Case><Case(3)>dir</Case><Case(4)>dich</Case></Switch><Else/><If(PlayerParameter(7))><SheetDe(ObjStr,2,PlayerParameter(7),1,1,1)/><Else/>ObjectParameter(2)</If></If>)/> <If(Equal(ObjectParameter(1),ObjectParameter(2)))>hast<Else/>hat</If> die Erkundungsreise des Luftschiffs <Emphasis><If(PlayerParameter(8))><Sheet(ObjStr,PlayerParameter(8),0)/><Else/>ObjectParameter(3)</If></Emphasis> abgebrochen.",16,15,0,9,14
81,"<Clickable(<If(Equal(ObjectParameter(1),ObjectParameter(2)))><Switch(1)><Case(1)>du</Case><Case(2)>deiner</Case><Case(3)>dir</Case><Case(4)>dich</Case></Switch><Else/><If(PlayerParameter(7))><SheetDe(ObjStr,2,PlayerParameter(7),1,1,1)/><Else/>ObjectParameter(2)</If></If>)/> <If(Equal(ObjectParameter(1),ObjectParameter(2)))>hast<Else/>hat</If> den Abschluss der Erkundungsreise des Luftschiffs <Emphasis><If(PlayerParameter(8))><Sheet(ObjStr,PlayerParameter(8),0)/><Else/>ObjectParameter(3)</If></Emphasis> bestätigt.",16,15,0,9,14
82,"Der Rang des Luftschiffs <Emphasis><If(PlayerParameter(8))><Sheet(ObjStr,PlayerParameter(8),0)/><Else/>ObjectParameter(3)</If></Emphasis> ist auf <Value>IntegerParameter(1)</Value> gestiegen!",16,15,1,9,14
83,"Ein zusätzliches Luftschiff kann nun registriert werden!",16,15,1,9,14
84,"<Clickable(<If(Equal(ObjectParameter(1),ObjectParameter(2)))><Switch(1)><Case(1)>du</Case><Case(2)>deiner</Case><Case(3)>dir</Case><Case(4)>dich</Case></Switch><Else/><If(PlayerParameter(7))><SheetDe(ObjStr,2,PlayerParameter(7),1,1,1)/><Else/>ObjectParameter(2)</If></If>)/> <If(Equal(ObjectParameter(1),ObjectParameter(2)))>hast<Else/>hat</If> <SheetDe(Item,1,IntegerParameter(2),IntegerParameter(3),4,1)/> für <Format(IntegerParameter(1),FF022E)/> Staatstaler erworben.",16,22,1,1,0
85,"<Clickable(<If(Equal(ObjectParameter(1),ObjectParameter(2)))><Switch(1)><Case(1)>du</Case><Case(2)>deiner</Case><Case(3)>dir</Case><Case(4)>dich</Case></Switch><Else/><If(PlayerParameter(7))><SheetDe(ObjStr,2,PlayerParameter(7),1,1,1)/><Else/>ObjectParameter(2)</If></If>)/> <If(Equal(ObjectParameter(1),ObjectParameter(2)))>hast<Else/>hat</If> mehr als 60 % der für die Herstellung <SheetDe(Item,1,IntegerParameter(1),1,2,1)/> nötigen Menge an <SheetDe(Item,5,IntegerParameter(2),2,4,1)/> geliefert.",16,22,1,8,15
86,"<Clickable(<If(Equal(ObjectParameter(1),ObjectParameter(2)))><Switch(1)><Case(1)>du</Case><Case(2)>deiner</Case><Case(3)>dir</Case><Case(4)>dich</Case></Switch><Else/><If(PlayerParameter(7))><SheetDe(ObjStr,2,PlayerParameter(7),1,1,1)/><Else/>ObjectParameter(2)</If></If>)/> <If(Equal(ObjectParameter(1),ObjectParameter(2)))>hast<Else/>hat</If> eine Route zum Diadem (schwer) gefunden!",16,0,0,9,14
87,"Das Grundstück <Sheet(PlaceName,IntegerParameter(1),8,2)/> <Value>IntegerParameter(2)</Value> - <Value>IntegerParameter(3)</Value> wurde automatisch zurückgegeben, weil es zu lange nicht genutzt wurde. Ein Teil der Ausstattung ist beim Unterkunftsbeamten hinterlegt.",0,7,0,5,11
88,"<Clickable(<If(Equal(ObjectParameter(1),ObjectParameter(2)))><Switch(1)><Case(1)>du</Case><Case(2)>deiner</Case><Case(3)>dir</Case><Case(4)>dich</Case></Switch><Else/><If(PlayerParameter(7))><SheetDe(ObjStr,2,PlayerParameter(7),1,1,1)/><Else/>ObjectParameter(2)</If></If>)/> <If(Equal(ObjectParameter(1),ObjectParameter(2)))>hast<Else/>hat</If> die Unterkunft betreten und damit die automatische Rückgabe des Grundstücks verhindert.",16,0,0,5,11
89,"Die Ausstattung des automatisch entfernten Grundstücks <Sheet(PlaceName,IntegerParameter(1),8,2)/> <Value>IntegerParameter(2)</Value> - <Value>IntegerParameter(3)</Value> wurde zu lange nicht abgeholt und daher vernichtet.",0,7,0,5,11
90,"<Clickable(<If(Equal(ObjectParameter(1),ObjectParameter(2)))><Switch(1)><Case(1)>du</Case><Case(2)>deiner</Case><Case(3)>dir</Case><Case(4)>dich</Case></Switch><Else/><If(PlayerParameter(7))><SheetDe(ObjStr,2,PlayerParameter(7),1,1,1)/><Else/>ObjectParameter(2)</If></If>)/> <If(Equal(ObjectParameter(1),ObjectParameter(2)))>hast<Else/>hat</If> in einem Blumentopf <Sheet(Item,IntegerParameter(1),9)/> ausgesät.",16,14,0,6,13
91,"<Clickable(<If(Equal(ObjectParameter(1),ObjectParameter(2)))><Switch(1)><Case(1)>du</Case><Case(2)>deiner</Case><Case(3)>dir</Case><Case(4)>dich</Case></Switch><Else/><If(PlayerParameter(7))><SheetDe(ObjStr,2,PlayerParameter(7),1,1,1)/><Else/>ObjectParameter(2)</If></If>)/> <If(Equal(ObjectParameter(1),ObjectParameter(2)))>hast<Else/>hat</If> eine Pflanze in einem Blumentopf gepflegt.",16,0,0,6,13
92,"<Clickable(<If(Equal(ObjectParameter(1),ObjectParameter(2)))><Switch(1)><Case(1)>du</Case><Case(2)>deiner</Case><Case(3)>dir</Case><Case(4)>dich</Case></Switch><Else/><If(PlayerParameter(7))><SheetDe(ObjStr,2,PlayerParameter(7),1,1,1)/><Else/>ObjectParameter(2)</If></If>)/> <If(Equal(ObjectParameter(1),ObjectParameter(2)))>hast<Else/>hat</If> <SheetDe(Item,1,IntegerParameter(2),IntegerParameter(1),4,1)/> aus einem Blumentopf geerntet.",16,14,1,6,13
93,"<Clickable(<If(Equal(ObjectParameter(1),ObjectParameter(2)))><Switch(1)><Case(1)>du</Case><Case(2)>deiner</Case><Case(3)>dir</Case><Case(4)>dich</Case></Switch><Else/><If(PlayerParameter(7))><SheetDe(ObjStr,2,PlayerParameter(7),1,1,1)/><Else/>ObjectParameter(2)</If></If>)/> <If(Equal(ObjectParameter(1),ObjectParameter(2)))>hast<Else/>hat</If> eine Pflanze in einem Blumentopf vernichtet.",16,0,0,6,13
94,"<Clickable(<If(Equal(ObjectParameter(1),ObjectParameter(2)))><Switch(1)><Case(1)>du</Case><Case(2)>deiner</Case><Case(3)>dir</Case><Case(4)>dich</Case></Switch><Else/><If(PlayerParameter(7))><SheetDe(ObjStr,2,PlayerParameter(7),1,1,1)/><Else/>ObjectParameter(2)</If></If>)/> <If(Equal(ObjectParameter(1),ObjectParameter(2)))>hast<Else/>hat</If> die Unterkunft verlegt. Die neue Adresse lautet: <Sheet(PlaceName,IntegerParameter(1),0)/>, <Value>IntegerParameter(2)</Value>. Bezirk, Hausnummer <Value>IntegerParameter(3)</Value>.",4,7,0,5,11
95,"<Clickable(<If(Equal(ObjectParameter(1),ObjectParameter(2)))><Switch(1)><Case(1)>du</Case><Case(2)>deiner</Case><Case(3)>dir</Case><Case(4)>dich</Case></Switch><Else/><If(PlayerParameter(7))><SheetDe(ObjStr,2,PlayerParameter(7),1,1,1)/><Else/>ObjectParameter(2)</If></If>)/> <If(Equal(ObjectParameter(1),ObjectParameter(2)))>hast<Else/>hat</If> Tauchboot Nr. <Value>IntegerParameter(1)</Value> mit dem Namen <Emphasis><If(PlayerParameter(8))><Sheet(ObjStr,PlayerParameter(8),0)/><Else/>ObjectParameter(3)</If></Emphasis> registriert.",16,15,1,9,14
96,"<Clickable(<If(Equal(ObjectParameter(1),ObjectParameter(2)))><Switch(1)><Case(1)>du</Case><Case(2)>deiner</Case><Case(3)>dir</Case><Case(4)>dich</Case></Switch><Else/><If(PlayerParameter(7))><SheetDe(ObjStr,2,PlayerParameter(7),1,1,1)/><Else/>ObjectParameter(2)</If></If>)/> <If(Equal(ObjectParameter(1),ObjectParameter(2)))>hast<Else/>hat</If> den Namen von Tauchboot Nr. <Value>IntegerParameter(1)</Value> zu <Emphasis><If(PlayerParameter(8))><Sheet(ObjStr,PlayerParameter(8),0)/><Else/>ObjectParameter(3)</If></Emphasis> geändert.",16,15,1,9,14
97,"<Clickable(<If(Equal(ObjectParameter(1),ObjectParameter(2)))><Switch(1)><Case(1)>du</Case><Case(2)>deiner</Case><Case(3)>dir</Case><Case(4)>dich</Case></Switch><Else/><If(PlayerParameter(7))><SheetDe(ObjStr,2,PlayerParameter(7),1,1,1)/><Else/>ObjectParameter(2)</If></If>)/> <If(Equal(ObjectParameter(1),ObjectParameter(2)))>hast<Else/>hat</If> Tauchboot Nr. <Value>IntegerParameter(1)</Value> mit dem Namen <Emphasis><If(PlayerParameter(8))><Sheet(ObjStr,PlayerParameter(8),0)/><Else/>ObjectParameter(3)</If></Emphasis> demontiert.",16,15,1,9,14
98,"<Clickable(<If(Equal(ObjectParameter(1),ObjectParameter(2)))><Switch(1)><Case(1)>du</Case><Case(2)>deiner</Case><Case(3)>dir</Case><Case(4)>dich</Case></Switch><Else/><If(PlayerParameter(7))><SheetDe(ObjStr,2,PlayerParameter(7),1,1,1)/><Else/>ObjectParameter(2)</If></If>)/> <If(Equal(ObjectParameter(1),ObjectParameter(2)))>hast<Else/>hat</If> das Tauchboot <Emphasis><If(PlayerParameter(8))><Sheet(ObjStr,PlayerParameter(8),0)/><Else/>ObjectParameter(3)</If></Emphasis> auf Erkundungsreise geschickt.",16,15,0,9,14
99,"<Clickable(<If(Equal(ObjectParameter(1),ObjectParameter(2)))><Switch(1)><Case(1)>du</Case><Case(2)>deiner</Case><Case(3)>dir</Case><Case(4)>dich</Case></Switch><Else/><If(PlayerParameter(7))><SheetDe(ObjStr,2,PlayerParameter(7),1,1,1)/><Else/>ObjectParameter(2)</If></If>)/> <If(Equal(ObjectParameter(1),ObjectParameter(2)))>hast<Else/>hat</If> die Erkundungsreise des Tauchboots <Emphasis><If(PlayerParameter(8))><Sheet(ObjStr,PlayerParameter(8),0)/><Else/>ObjectParameter(3)</If></Emphasis> abgebrochen.",16,15,0,9,14
100,"<Clickable(<If(Equal(ObjectParameter(1),ObjectParameter(2)))><Switch(1)><Case(1)>du</Case><Case(2)>deiner</Case><Case(3)>dir</Case><Case(4)>dich</Case></Switch><Else/><If(PlayerParameter(7))><SheetDe(ObjStr,2,PlayerParameter(7),1,1,1)/><Else/>ObjectParameter(2)</If></If>)/> <If(Equal(ObjectParameter(1),ObjectParameter(2)))>hast<Else/>hat</If> den Abschluss der Erkundungsreise des Tauchboots <Emphasis><If(PlayerParameter(8))><Sheet(ObjStr,PlayerParameter(8),0)/><Else/>ObjectParameter(3)</If></Emphasis> bestätigt.",16,15,0,9,14
101,"Der Rang des Tauchboots <Emphasis><If(PlayerParameter(8))><Sheet(ObjStr,PlayerParameter(8),0)/><Else/>ObjectParameter(3)</If></Emphasis> ist auf <Value>IntegerParameter(1)</Value> gestiegen!",16,15,1,9,14
102,"Ein zusätzliches Tauchboot kann nun registriert werden!",16,15,1,9,14
103,"<Clickable(<If(Equal(ObjectParameter(1),ObjectParameter(2)))><Switch(1)><Case(1)>du</Case><Case(2)>deiner</Case><Case(3)>dir</Case><Case(4)>dich</Case></Switch><Else/><If(PlayerParameter(7))><SheetDe(ObjStr,2,PlayerParameter(7),1,1,1)/><Else/>ObjectParameter(2)</If></If>)/> <If(Equal(ObjectParameter(1),ObjectParameter(2)))>hast<Else/>hat</If> den Eintrag von <If(PlayerParameter(8))><Sheet(ObjStr,PlayerParameter(8),0)/><Else/>ObjectParameter(3)</If> gelöscht.",16,23,0,5,11
104,"<Clickable(<If(Equal(ObjectParameter(1),ObjectParameter(2)))><Switch(1)><Case(1)>du</Case><Case(2)>deiner</Case><Case(3)>dir</Case><Case(4)>dich</Case></Switch><Else/><If(PlayerParameter(7))><SheetDe(ObjStr,2,PlayerParameter(7),1,1,1)/><Else/>ObjectParameter(2)</If></If>)/> <If(Equal(ObjectParameter(1),ObjectParameter(2)))>hast<Else/>hat</If> die Diarium-Einstellungen geändert.",16,0,0,5,11
105,"<Clickable(<If(Equal(ObjectParameter(1),ObjectParameter(2)))><Switch(1)><Case(1)>du</Case><Case(2)>deiner</Case><Case(3)>dir</Case><Case(4)>dich</Case></Switch><Else/><If(PlayerParameter(7))><SheetDe(ObjStr,2,PlayerParameter(7),1,1,1)/><Else/>ObjectParameter(2)</If></If>)/> <If(Equal(ObjectParameter(1),ObjectParameter(2)))>hast<Else/>hat</If> ein Stichwort für den Zweck der Unterkunft eingestellt.",16,0,0,5,11
106,"<Clickable(<If(Equal(ObjectParameter(1),ObjectParameter(2)))><Switch(1)><Case(1)>du</Case><Case(2)>deiner</Case><Case(3)>dir</Case><Case(4)>dich</Case></Switch><Else/><If(PlayerParameter(7))><SheetDe(ObjStr,2,PlayerParameter(7),1,1,1)/><Else/>ObjectParameter(2)</If></If>)/> <If(Equal(ObjectParameter(1),ObjectParameter(2)))>hast<Else/>hat</If> den Innenraum von „<If(PlayerParameter(8))><Sheet(ObjStr,PlayerParameter(8),0)/><Else/>ObjectParameter(3)</If>“ renoviert.",16,15,0,5,11
107,"",0,0,0,0,0
