key,0,1,2,3,4,5,6,7,8,9,10,11,12,13,14,15,16,17,18,19,20,21,22,23,24,25,26,27,28,29,30,31,32,33,34,35,36,37,38,39,40,41,42,43,44,45,46,47,48,49,50,51,52,53,54,55,56,57,58,59,60,61,62,63,64,65,66,67,68,69,70,71,72,73,74,75,76,77,78,79,80,81,82,83,84,85,86,87,88,89,90,91,92,93,94,95,96,97,98,99,100,101,102,103,104,105,106
#,LGB{TargetMarker},,,,,,,,,,,VFX{Fire},VFX{Hit},VFX{Miss},VFX{Additional},,,LGB{EventNPC}[0][0],LGB{EventNPC}[0][1],LGB{EventNPC}[0][2],LGB{EventNPC}[0][3],LGB{EventNPC}[0][4],LGB{EventNPC}[0][5],LGB{EventNPC}[0][6],LGB{EventNPC}[0][7],,,,,,,,,,,,,,,,,,,,,,,,,,,,,,,,,,,,,,,,,,,,,,,,,LGB{EventNPC}[1][0],LGB{EventNPC}[1][1],LGB{EventNPC}[1][2],LGB{EventNPC}[1][3],LGB{EventNPC}[1][4],LGB{EventNPC}[1][5],LGB{EventNPC}[1][6],LGB{EventNPC}[1][7],,,,,,,,,,,,,Objective[0],Hint[0],Objective[1],Hint[1],,,,,,,,ActionText,,
int32,uint32,uint16,bit&01,byte,byte,byte,byte,byte,uint16,byte,byte,str,str,str,str,uint16,bit&02,uint32,uint32,uint32,uint32,uint32,uint32,uint32,uint32,uint16,uint16,uint16,uint16,uint16,uint16,uint16,uint16,uint16,uint16,uint16,uint16,uint16,uint16,uint16,uint16,byte,byte,byte,byte,byte,byte,byte,byte,uint16,uint16,uint16,uint16,uint16,uint16,uint16,uint16,uint16,uint16,uint16,uint16,uint16,uint16,uint16,uint16,byte,byte,byte,byte,byte,byte,byte,byte,uint32,uint32,uint32,uint32,uint32,uint32,uint32,uint32,uint16,uint16,uint16,uint16,byte,byte,byte,byte,uint32,uint32,uint32,uint32,str,str,str,str,str,str,str,str,str,str,str,str,byte,byte
1,0,0,False,0,0,0,0,0,0,0,0,"","","","",0,False,0,0,0,0,0,0,0,0,0,0,0,0,0,0,0,0,0,0,0,0,0,0,0,0,0,0,0,0,0,0,0,0,0,0,0,0,0,0,0,0,0,0,0,0,0,0,0,0,0,0,0,0,0,0,0,0,0,0,0,0,0,0,0,0,0,0,0,0,0,0,0,0,0,0,0,0,"","","","","","","","","","","","",0,0
2,0,0,False,0,0,0,0,0,0,0,0,"","","","",0,False,0,0,0,0,0,0,0,0,0,0,0,0,0,0,0,0,0,0,0,0,0,0,0,0,0,0,0,0,0,0,0,0,0,0,0,0,0,0,0,0,0,0,0,0,0,0,0,0,0,0,0,0,0,0,0,0,0,0,0,0,0,0,0,0,0,0,0,0,0,0,0,0,0,0,0,0,"","","","","","","","","","","","",0,0
3,0,0,False,0,0,0,0,0,0,0,0,"","","","",0,False,0,0,0,0,0,0,0,0,0,0,0,0,0,0,0,0,0,0,0,0,0,0,0,0,0,0,0,0,0,0,0,0,0,0,0,0,0,0,0,0,0,0,0,0,0,0,0,0,0,0,0,0,0,0,0,0,0,0,0,0,0,0,0,0,0,0,0,0,0,0,0,0,0,0,0,0,"","","","","","","","","","","","",0,0
4,6913467,0,False,0,8,5,20,20,8300,0,20,"ev_snipe_clic0f","","","",0,False,6913443,0,0,0,0,0,0,0,19,0,0,0,0,0,0,0,0,0,0,0,0,0,0,0,0,0,0,0,0,0,0,0,1200,0,0,0,0,0,0,0,2200,20000,20000,20000,20000,20000,20000,20000,1,0,0,0,0,0,0,0,6913444,6913445,0,0,0,0,0,0,0,0,0,0,0,0,0,0,0,0,0,0,"Beobachte den Dhalmel!","Die Beobachtung am lebenden
Objekt ist für die Herstellung
eines Tierpräparats unverzichtbar.
Sieh dir den Dhalmel von
Kopf bis Fuß gründlich an,
um dir seine anatomischen Details einzuprägen.","","Den großen Dhalmel von Kopf bis Fuß betrachten","","","","","","","","Beobachten",15,15
5,6958636,0,False,0,20,14,35,35,900,2,20,"ev_snipe0cf","ev_snipe_hit0f","ev_snipe_mis0f","",0,False,6958463,6958464,6958465,6958466,0,0,0,0,20,20,20,20,0,0,0,0,0,0,0,0,0,0,0,0,0,0,0,0,0,0,0,0,0,0,0,0,0,0,0,0,20000,20000,20000,20000,20000,20000,20000,20000,1,1,1,1,0,0,0,0,0,0,0,0,0,0,0,0,0,0,0,0,0,0,0,0,0,0,0,0,"Triff alle Ziele!","Ermittle die Effektivität des
Blasrohrs, indem du versuchst,
alle Ziele zu treffen.","","Die Zielscheiben treffen","","","","","","","","Betäubungspfeil verschießen",35,26
6,6969729,0,False,0,30,17,20,20,13200,0,20,"ev_snipe_clic0f","","","",0,False,6969739,0,0,0,0,0,0,0,21,0,0,0,0,0,0,0,0,0,0,0,0,0,0,0,0,0,0,0,0,0,0,0,0,0,0,0,0,0,0,0,1500,20000,20000,20000,20000,20000,20000,20000,1,0,0,0,0,0,0,0,0,0,0,0,0,0,0,0,0,0,0,0,0,0,0,0,0,0,0,0,"Suche den Strand ab!","Der Späher hat dir erzählt,
dass jemand reglos am Strand
liegt. Sieh nach, ob du diese
Behauptung bestätigen kannst.","","Die reglose Person am Strand finden","","","","","","","","Bestätigen",15,15
7,6971567,0,False,0,25,3,95,95,2600,2,20,"ev_snipe0cf","ev_snipe_hit0f","ev_snipe_mis0f","",0,False,6971552,0,0,0,0,0,0,0,22,0,0,0,0,0,0,0,0,0,0,0,0,0,0,0,0,0,0,0,0,0,0,0,0,0,0,0,0,0,0,0,20000,20000,20000,20000,20000,20000,20000,20000,1,0,0,0,0,0,0,0,0,0,0,0,0,0,0,0,0,0,0,0,0,0,0,0,0,0,0,0,"Betäube den Foper!","Visiere den Foper an
und betäube ihn mit einem Pfeil
aus dem Blasrohr.","","Foper mit Betäubungspfeil treffen","","","","","","","","Betäubungspfeil verschießen",35,26
8,6977220,0,False,0,5,9,14,16,7600,2,20,"ev_snipe0cf","ev_snipe_hit0f","ev_snipe_mis0f","",0,False,6977195,0,0,0,0,0,0,0,24,0,0,0,0,0,0,0,0,0,0,0,0,0,0,0,0,0,0,0,0,0,0,0,0,0,0,0,0,0,0,0,5600,20000,20000,20000,20000,20000,20000,20000,1,0,0,0,0,0,0,0,0,0,0,0,0,0,0,0,0,0,0,0,0,0,0,0,0,0,0,0,"Betäube den garleischen Soldaten!","Visiere den garleischen Soldaten an
und betäube ihn mit einem Pfeil
aus dem Blasrohr.","","Soldat mit Betäubungspfeil treffen","","","","","","","","Betäubungspfeil verschießen",35,26
9,6977227,0,False,0,15,2,11,24,7600,2,20,"ev_snipe0cf","ev_snipe_hit0f","ev_snipe_mis0f","",0,False,6977196,7010933,7010934,7010935,7010936,0,0,0,23,23,24,23,24,0,0,0,0,0,0,0,0,0,0,0,0,0,0,0,0,0,0,0,0,0,0,0,0,0,0,0,5000,5000,6600,5000,6000,20000,20000,20000,1,1,1,1,1,0,0,0,0,0,0,0,0,0,0,0,0,0,0,0,0,0,0,0,0,0,0,0,"Betäube die garleischen Soldaten!","Visiere die garleischen Soldaten an
und betäube sie mit Pfeilen
aus dem Blasrohr.","","Soldaten mit Betäubungspfeilen treffen","","","","","","","","Betäubungspfeil verschießen",35,26
10,6977228,0,False,0,3,4,8,5,6700,2,20,"ev_snipe0cf","ev_snipe_hit0f","ev_snipe_mis0f","",0,False,6977197,6977198,0,0,0,0,0,0,25,26,0,0,0,0,0,0,0,0,0,0,0,0,0,0,0,0,0,0,0,0,0,0,0,0,0,0,0,0,0,0,3100,2100,20000,20000,20000,20000,20000,20000,1,1,0,0,0,0,0,0,0,0,0,0,0,0,0,0,0,0,0,0,0,0,0,0,0,0,0,0,"Betäube die garleischen Soldaten!","Das Tor von Castrum Fluminis wird
von garleischen Soldaten bewacht.
Betäube sie mit Pfeilen aus dem Blasrohr.","","Soldaten mit Betäubungspfeilen treffen","","","","","","","","Betäubungspfeil verschießen",35,26
11,7021040,0,False,0,8,7,15,23,9500,0,20,"ev_snipe_clic0f","","","",0,False,6949952,0,0,0,0,0,0,0,27,0,0,0,0,0,0,0,0,0,0,0,0,0,0,0,0,0,0,0,0,0,0,0,0,0,0,0,0,0,0,0,3600,20000,20000,20000,20000,20000,20000,20000,1,0,0,0,0,0,0,0,0,0,0,0,0,0,0,0,0,0,0,0,0,0,0,0,0,0,0,0,"Verfolge den Verräter!","Finde den Shinobi, der des
Verrats verdächtigt wird, und
beobachte seine Aktionen.","","Den Shinobi observieren","","","","","","","","Beobachten",15,15
12,7021041,0,False,0,8,11,19,30,7700,0,20,"ev_snipe_clic0f","","","",0,False,6949953,0,0,0,0,0,0,0,27,0,0,0,0,0,0,0,0,0,0,0,0,0,0,0,0,0,0,0,0,0,0,0,0,0,0,0,0,0,0,0,2200,20000,20000,20000,20000,20000,20000,20000,1,0,0,0,0,0,0,0,0,0,0,0,0,0,0,0,0,0,0,0,0,0,0,0,0,0,0,0,"Verfolge den Verräter!","Finde den Shinobi, der des
Verrats verdächtigt wird, und
beobachte seine Aktionen.","","Den Shinobi observieren","","","","","","","","Beobachten",15,15
13,7021042,0,False,0,20,30,62,39,3020,0,20,"ev_snipe_clic0f","","","",0,False,6949954,0,0,0,0,0,0,0,27,0,0,0,0,0,0,0,0,0,0,0,0,0,0,0,0,0,0,0,0,0,0,0,0,0,0,0,0,0,0,0,2200,20000,20000,20000,20000,20000,20000,20000,1,0,0,0,0,0,0,0,6949955,0,0,0,0,0,0,0,0,0,0,0,0,0,0,0,0,0,0,0,"Verfolge den Verräter!","Finde den Shinobi, der des
Verrats verdächtigt wird, und
beobachte seine Aktionen.","","Den Shinobi observieren","","","","","","","","Beobachten",15,15
14,7021043,0,False,0,4,4,15,7,5800,1,20,"ev_snipe0cf","ev_snipe_hit0f","ev_snipe_mis0f","",0,False,6875122,0,0,0,0,0,0,0,28,0,0,0,0,0,0,0,0,0,0,0,0,0,0,0,0,0,0,0,0,0,0,0,0,0,0,0,0,0,0,0,2000,20000,20000,20000,20000,20000,20000,20000,1,0,0,0,0,0,0,0,0,0,0,0,0,0,0,0,0,0,0,0,0,0,0,0,0,0,0,0,"Schick das Schäfchen ins Traumland!","Betäube das ausgerissene Schäfchen
mit dem Blasrohrpfeil, um
es einzufangen.","","Das ausgerissene Schaf anvisieren","","","","","","","","Den Blasrohrpfeil abschießen",35,26
15,7022105,0,False,0,4,5,13,3,7700,0,20,"ev_snipe_clic0f","","","",0,False,7022106,7022108,7022109,7022110,7022111,7022112,7022113,0,29,29,29,29,30,30,30,0,0,0,0,0,0,0,0,0,0,0,0,0,0,0,0,0,0,0,0,0,0,0,0,0,2000,2000,2000,2000,20000,20000,20000,20000,1,1,1,1,0,0,0,0,0,0,0,0,0,0,0,0,0,0,0,0,0,0,0,0,0,0,0,0,"Spähe nach interessanten Zielen!","Finde heraus, wen oder was Gegeruju
durch das Fernrohr beobachtet hat.","Fehlschlag: Falsches Ziel anvisiert","Gegerujus Ziele ausspähen","","","","","","","","Beobachten",15,15
16,7083179,0,False,0,15,15,15,15,9000,2,20,"ev_snipe1cf","ev_snipe_hit0f","ev_snipe_mis0f","",0,False,7083176,0,0,0,0,0,0,0,31,0,0,0,0,0,0,0,0,0,0,0,0,0,0,0,0,0,0,0,0,0,0,0,0,0,0,0,0,0,0,0,10000,20000,20000,20000,20000,20000,20000,20000,1,0,0,0,0,0,0,0,0,0,0,0,0,0,0,0,0,0,0,0,0,0,0,0,0,0,0,0,"Triff das Streifenrochenweibchen mit einer Duftblase!","Hilf dem jungen Streifenrochen dabei,
das Streifenrochenweibchen mit einer
Duftblase zu betören.","","Das Streifenrochenweibchen treffen","","","","","","","","Duftblase verschießen",15,15
17,7089186,0,False,0,4,2,8,13,2800,0,20,"ev_snipe_clic0f","","","",0,False,7108347,0,0,0,0,0,0,0,32,0,0,0,0,0,0,0,0,0,0,0,0,0,0,0,0,0,0,0,0,0,0,0,0,0,0,0,0,0,0,0,1500,20000,20000,20000,20000,20000,20000,20000,1,0,0,0,0,0,0,0,7089197,0,0,0,0,0,0,0,0,0,0,0,0,0,0,0,0,0,0,0,"Finde eine Schwachstelle im Yabby-Panzer!","Betrachte den Yabby ganz genau,
um eine Schwachstelle in seinem Panzer
zu finden.","","Den Yabby betrachten","","","","","","","","Beobachten",20,14
18,7089199,0,False,0,5,1,7,9,2900,0,20,"ev_snipe_clic0f","","","",0,False,7109884,0,0,0,0,0,0,0,33,0,0,0,0,0,0,0,0,0,0,0,0,0,0,0,0,0,0,0,0,0,0,0,0,0,0,0,0,0,0,0,1500,20000,20000,20000,20000,20000,20000,20000,1,0,0,0,0,0,0,0,7089198,0,0,0,0,0,0,0,0,0,0,0,0,0,0,0,0,0,0,0,"Finde eine Schwachstelle des Phoebad!","Betrachte den Phoebad ganz genau,
um eine Schwachstelle zu finden.","","Den Phoebad betrachten","","","","","","","","Beobachten",20,14
19,7107673,0,False,0,6,8,4,30,7000,0,20,"ev_snipe_clic0f","","","",0,False,7107674,0,0,0,0,0,0,0,34,0,0,0,0,0,0,0,0,0,0,0,0,0,0,0,0,0,0,0,0,0,0,0,0,0,0,0,0,0,0,0,2500,20000,20000,20000,20000,20000,20000,20000,1,0,0,0,0,0,0,0,0,0,0,0,0,0,0,0,0,0,0,0,0,0,0,0,0,0,0,0,"Beschatte den Namazuo!","Beobachte den Namazuo, um etwas über
ihn oder seinen Schatz herauszufinden!","","Den Namazuo anvisieren","","","","","","","","Beobachten",35,26
20,7107679,0,False,0,6,8,10,3,8200,0,20,"ev_snipe_clic0f","","","",0,False,7107680,0,0,0,0,0,0,0,34,0,0,0,0,0,0,0,0,0,0,0,0,0,0,0,0,0,0,0,0,0,0,0,0,0,0,0,0,0,0,0,2500,20000,20000,20000,20000,20000,20000,20000,1,0,0,0,0,0,0,0,0,0,0,0,0,0,0,0,0,0,0,0,0,0,0,0,0,0,0,0,"Beschatte den Namazuo!","Beobachte den Namazuo, um etwas über
ihn oder seinen Schatz herauszufinden!","","Den Namazuo anvisieren","","","","","","","","Beobachten",35,26
21,0,0,False,0,0,0,0,0,0,0,0,"","","","",0,False,0,0,0,0,0,0,0,0,0,0,0,0,0,0,0,0,0,0,0,0,0,0,0,0,0,0,0,0,0,0,0,0,0,0,0,0,0,0,0,0,0,0,0,0,0,0,0,0,0,0,0,0,0,0,0,0,0,0,0,0,0,0,0,0,0,0,0,0,0,0,0,0,0,0,0,0,"","","","","","","","","","","","",0,0
22,7241979,0,False,0,17,7,24,22,300,2,20,"ev_snipe2cf","ev_snipe2_hit0f","ev_snipe2_hit0f","ev_snipe2_mis0f",0,True,7238920,7238921,7238923,7247105,0,0,0,0,35,35,35,0,0,0,0,0,0,0,0,0,0,0,0,0,0,0,0,0,0,0,0,0,0,0,0,0,0,0,0,0,20000,20000,20000,20000,20000,20000,20000,20000,1,1,1,0,0,0,0,0,0,0,0,0,0,0,0,0,0,0,0,0,0,0,0,0,0,0,0,0,"Zerstöre die Dharas!","Unbändige Dharas bedrohen das
Lager der Ananta. Erledige sie,
bevor sie das Erz erreichen.","Fehlschlag: Ein Dhara erreicht das Erz","Auf die wütenden Dharas feuern","","","","","","","","Feuern",35,35
23,7352833,0,False,0,3,29,18,118,2000,0,20,"ev_snipe_clic0f","","","",0,False,7359005,0,0,0,0,0,0,0,37,0,0,0,0,0,0,0,0,0,0,0,0,0,0,0,0,0,0,0,0,0,0,0,0,0,0,0,0,0,0,0,6000,20000,20000,20000,20000,20000,20000,20000,1,0,0,0,0,0,0,0,0,0,0,0,0,0,0,0,0,0,0,0,0,0,0,0,0,0,0,0,"Finde Ba'Gamnan!","Der Bangaa-Hauptmann ist irgendwo
auf der Insel. Finde ihn, bevor es zu
spät ist.","","Finde Ba'Gamnan","","","","","","","","Bestätigen",24,20
24,7400603,0,False,0,16,5,15,15,900,1,7,"ev_snipe3cf","ev_snipe_hit0f","ev_snipe_hit0f","ev_snipe_hit0f",0,False,7400606,7400611,7516452,0,0,0,0,0,38,39,41,0,0,0,0,0,0,0,0,0,0,0,0,0,0,0,0,0,0,0,0,0,0,0,0,0,0,0,0,0,20000,20000,20000,20000,20000,20000,20000,20000,1,0,0,0,0,0,0,0,0,0,0,0,0,0,0,0,0,0,0,0,0,0,0,0,0,0,0,0,"Triff die Zielscheibe!","Triff die Zielscheibe, die Gyoshin hält.","Fehlschlag: Gyoshin treffen","Auf die Zielscheibe schießen","","","","","","","","Schießen",35,35
25,7453945,0,False,1,18,5,25,25,500,1,7,"ev_snipe3cf","ev_snipe_hit0f","ev_snipe_mis0f","",0,False,7453963,7453964,7453965,7453966,0,0,0,0,40,40,40,40,0,0,0,0,0,0,0,0,0,0,0,0,0,0,0,0,0,0,0,0,0,0,0,0,0,0,0,0,6000,6000,6000,6000,20000,20000,20000,20000,1,1,1,1,0,0,0,0,0,0,0,0,0,0,0,0,0,0,0,0,0,0,0,0,0,0,0,0,"Triff die Zielscheiben!","Schieß auf die Zielscheiben, die von den Namazuo gehalten werden.","","Die Zielscheiben treffen","","","","","","","","Schießen",35,35
26,7941310,0,False,0,16,50,50,60,4000,0,20,"ev_snipe0cf","ev_snipe_hit0f","ev_snipe_mis0f","",0,False,8010875,0,0,0,0,0,0,0,66,0,0,0,0,0,0,0,0,0,0,0,0,0,0,0,0,0,0,0,0,0,0,0,0,0,0,0,0,0,0,0,20000,20000,20000,20000,20000,20000,20000,20000,1,0,0,0,0,0,0,0,0,0,0,0,0,0,0,0,0,0,0,0,0,0,0,0,0,0,0,0,"Triff das Wildschwein!","Es gilt, ein Wildschwein mit einem Blasrohrpfeil betäuben, um an dessen Stoßzahn zu gelangen.","","Das Wildschwein treffen","","","","","","","","Schießen",35,35
27,7964390,0,False,0,15,10,30,30,0,0,7,"ev_snipe_clic0f","","","",0,False,7964369,7964370,7964371,7964372,7964344,0,0,0,42,43,44,45,46,0,0,0,0,0,0,0,0,0,0,0,0,0,0,0,0,0,0,0,0,0,0,0,0,0,0,0,20000,20000,20000,20000,20000,20000,20000,20000,1,1,1,1,0,0,0,0,0,0,0,0,0,0,0,0,0,0,0,0,0,0,0,0,0,0,0,0,"Begutachte das Angebot!","Es gilt, deinen Erstkauf in Mordh Souq zu tätigen. Inspiziere Rhon Rons Waren genauestens und wähle die Spezialität, die dir am meisten zusagt!","","Die Waren betrachten","","","","","","","","Begutachten",35,35
28,7964462,0,False,1,15,5,45,45,1000,0,7,"ev_snipe_clic0f","","","",0,False,7964427,7964431,7964432,7964433,0,0,0,0,47,48,49,50,0,0,0,0,0,0,0,0,0,0,0,0,0,0,0,0,0,0,0,0,0,0,0,0,0,0,0,0,900,20000,20000,20000,20000,20000,20000,20000,1,0,0,0,0,0,0,0,0,0,0,0,0,0,0,0,0,0,0,0,0,0,0,0,0,0,0,0,"Finde die Steintafel!","Der Kristall<SoftHyphen/>exarch hat euch aufgetragen, Y'shtola eine Steintafel aus der Kirche des Strahlenden Lichts mitzubringen. Doch wo in der Gebetshalle ist sie?","","Die Steintafel finden","","","","","","","","Inspizieren",35,26
29,7964494,0,False,0,18,2,70,85,1000,0,20,"ev_snipe_clic0f","","","",0,False,7964480,7964482,7964486,7964487,0,0,0,0,51,52,53,54,0,0,0,0,0,0,0,0,0,0,0,0,0,0,0,0,0,0,0,0,0,0,0,0,0,0,0,0,20000,20000,20000,20000,20000,20000,20000,20000,1,1,1,0,0,0,0,0,0,0,0,0,0,0,0,0,0,0,0,0,0,0,0,0,0,0,0,0,"Betrachte die Wandmalereien!","Y'shtola hat dich gebeten, die Wand<SoftHyphen/>maler<SoftHyphen/>eien zu inspizieren. Vielleicht könnt ihr etwas daraus lernen.","","Wand<SoftHyphen/>maler<SoftHyphen/>eien betrachten","","","","","","","","Inspizieren",35,26
30,0,0,False,0,0,0,0,0,0,0,0,"","","","",0,False,0,0,0,0,0,0,0,0,0,0,0,0,0,0,0,0,0,0,0,0,0,0,0,0,0,0,0,0,0,0,0,0,0,0,0,0,0,0,0,0,0,0,0,0,0,0,0,0,0,0,0,0,0,0,0,0,0,0,0,0,0,0,0,0,0,0,0,0,0,0,0,0,0,0,0,0,"","","","","","","","","","","","",0,0
31,0,0,False,0,0,0,0,0,0,0,0,"","","","",0,False,0,0,0,0,0,0,0,0,0,0,0,0,0,0,0,0,0,0,0,0,0,0,0,0,0,0,0,0,0,0,0,0,0,0,0,0,0,0,0,0,0,0,0,0,0,0,0,0,0,0,0,0,0,0,0,0,0,0,0,0,0,0,0,0,0,0,0,0,0,0,0,0,0,0,0,0,"","","","","","","","","","","","",0,0
32,7981474,0,False,0,5,5,16,16,10200,0,7,"ev_snipe_clic0f","","","",0,False,7981478,7981479,0,0,0,0,0,0,65,67,0,0,0,0,0,0,0,0,0,0,0,0,0,0,0,0,0,0,0,0,0,0,0,0,0,0,0,0,0,0,5000,5000,20000,20000,20000,20000,20000,20000,1,0,0,0,0,0,0,0,0,0,0,0,0,0,0,0,0,0,0,0,0,0,0,0,0,0,0,0,"Finde den blauhaarigen Mystel!","Der falsche Laufbursche muss sich mit seinem Diebesgut noch in der Gegend aufhalten! Halte Ausschau nach einem blauen Schopf.","","Nach dem Mystel suchen","","","","","","","","Inspizieren",35,26
33,7981481,0,False,0,12,12,16,16,6500,0,7,"ev_snipe_clic0f","","","",0,False,7981482,7981483,0,0,0,0,0,0,68,69,0,0,0,0,0,0,0,0,0,0,0,0,0,0,0,0,0,0,0,0,0,0,0,0,0,0,0,0,0,0,3000,3000,20000,20000,20000,20000,20000,20000,1,0,0,0,0,0,0,0,0,0,0,0,0,0,0,0,0,0,0,0,0,0,0,0,0,0,0,0,"Finde die verdächtige Gestalt!","Laut Alisaie hat sich aus dem scheinbar unbewohnten Dorf eine verdächtige Gestalt genähert, die euch beobachtet. Vergewissere dich, ob sie noch da ist!","","Die verdächtige Gestalt finden","","","","","","","","Vergewissern",35,26
34,7981428,0,False,0,5,40,25,25,1000,1,20,"ev_snipe0cf","ev_snipe_hit0f","ev_snipe_mis0f","",0,False,7981491,7981429,7981433,0,0,0,0,0,70,62,63,0,0,0,0,0,0,0,0,0,0,0,0,0,0,0,0,0,0,0,0,0,0,0,0,0,0,0,0,0,4000,3000,3000,20000,20000,20000,20000,20000,1,0,0,0,0,0,0,0,0,0,0,0,0,0,0,0,0,0,0,0,0,0,0,0,0,0,0,0,"Prüfung der Tholls (Probelauf)","Beweis dein Geschick in den drei Ds, indem du einen Zwerg ohne Thollhelm mit der Schleuder triffst.","","Zwerg ohne Thollhelm treffen","","","","","","","","Stein schleudern",35,26
35,7981428,0,False,0,5,40,25,25,1000,1,20,"ev_snipe0cf","ev_snipe_hit0f","ev_snipe_mis0f","",0,False,7981430,7981431,7981432,7981429,7981433,0,0,0,59,60,61,74,75,0,0,0,0,0,0,0,0,0,0,0,0,0,0,0,0,0,0,0,0,0,0,0,0,0,0,0,4000,4000,4000,3000,3000,20000,20000,20000,1,0,0,0,0,0,0,0,0,0,0,0,0,0,0,0,0,0,0,0,0,0,0,0,0,0,0,0,"Prüfung der Tholls","Beweis dein Geschick in den drei Ds, indem du einen Zwerg ohne Thollhelm mit der Schleuder triffst.","Fehlschlag: Zwerg mit Thollhelm treffen","Zwerg ohne Thollhelm treffen","","","","","","","","Stein schleudern",35,26
36,8035299,0,False,0,32,3,15,13,9200,0,7,"ev_snipe_clic0f","","","",0,False,8035302,8035305,8035306,0,0,0,0,0,71,73,72,0,0,0,0,0,0,0,0,0,0,0,0,0,0,0,0,0,0,0,0,0,0,0,0,0,0,0,0,0,12800,3000,4000,20000,20000,20000,20000,20000,1,0,0,0,0,0,0,0,0,0,0,0,0,0,0,0,0,0,0,0,0,0,0,0,0,0,0,0,"Betrachte die mysteriösen Bauten!","Auf Y'shtolas Bitten hin begutachtest du die Bauten der Ondo-Becken und vesuchst, bauliche Besonderheiten auszumachen.","","Ein besonderes Merkmal finden","","","","","","","","Inspizieren",35,26
37,7949226,30,False,0,10,3,30,30,2600,0,20,"ev_snipe_clic0f","","","",0,False,7981756,0,0,0,0,0,0,0,64,0,0,0,0,0,0,0,0,0,0,0,0,0,0,0,0,0,0,0,0,0,0,0,0,0,0,0,0,0,0,0,6000,20000,20000,20000,20000,20000,20000,20000,1,0,0,0,0,0,0,0,7981751,7981752,7981753,7981755,8052961,8052964,0,0,0,0,0,0,0,0,0,0,0,0,0,0,"Zähle die Pixies!","Du blickst durch das Fernglas und beginnst, die Pixies innerhalb der verfügbaren Zeit zu zählen.","","Die Pixies zählen","","","","","","","","Zählen",24,20
38,8049671,0,False,0,17,20,70,70,500,2,20,"ev_snipe0cf","ev_snipe_hit0f","ev_snipe_mis0f","",0,True,8049677,8049678,8049679,8049697,0,0,0,0,76,76,76,0,0,0,0,0,0,0,0,0,0,0,0,0,0,0,0,0,0,0,0,0,0,0,0,0,0,0,0,0,20000,20000,20000,20000,20000,20000,20000,20000,1,1,1,0,0,0,0,0,0,0,0,0,0,0,0,0,0,0,0,0,0,0,0,0,0,0,0,0,"Beschütze den Wachsoldaten!","Bewaffnet mit einem Blasrohr und Entfluchungspfeilen, beschützt du den Wachsoldaten vor nahenden Ghilman.","Fehlschlag: Ghulam erreicht den Soldaten","Ghilman besiegen","","","","","","","","Pfeil abschießen",35,35
39,8225532,0,False,0,9,9,22,6,0,0,20,"ev_snipe_clic0f","","","",0,False,8225506,8225509,8225510,8225511,0,0,0,0,77,78,0,0,0,0,0,0,0,0,0,0,0,0,0,0,0,0,0,0,0,0,0,0,0,0,0,0,0,0,0,0,20000,20000,20000,20000,20000,20000,20000,20000,1,0,0,0,0,0,0,0,0,0,0,0,0,0,0,0,0,0,0,0,0,0,0,0,0,0,0,0,"Gib Chai-Nuzz das Zeichen!","Warte auf den richtigen Augenblick, damit Chai-Nuzz sich dem Talos nähern kann.","Fehlschlag: Chai-Nuzz wird entdeckt","Zeichen geben","","","","","","","","Zeichen geben",35,35
40,8149851,0,False,0,7,3,25,25,1300,3,20,"ev_snipe4cf","ev_snipe4_hit0f","ev_snipe4_mis0f","",0,False,8149746,8149747,8149748,8149749,0,0,0,0,80,80,80,81,0,0,0,0,0,0,0,0,0,0,0,0,0,0,0,0,0,0,0,0,0,0,0,0,0,0,0,0,20000,20000,20000,20000,20000,20000,20000,20000,1,1,1,0,0,0,0,0,0,0,0,0,0,0,0,0,0,0,0,0,0,0,0,0,0,0,0,0,"Wehre die herannagende Gefahr ab!","Schütz die Pixie, indem du alle herannahenden Nager mit Schutz-Quiexies abschießt.","Fehlschlag: Nager erreicht blumensammelnde Pixie","Nager abschießen","","","","","","","","Schutz-Quiexie abschießen",35,35
41,0,0,False,0,0,0,0,0,0,0,0,"","","","",0,False,0,0,0,0,0,0,0,0,0,0,0,0,0,0,0,0,0,0,0,0,0,0,0,0,0,0,0,0,0,0,0,0,0,0,0,0,0,0,0,0,0,0,0,0,0,0,0,0,0,0,0,0,0,0,0,0,0,0,0,0,0,0,0,0,0,0,0,0,0,0,0,0,0,0,0,0,"","","","","","","","","","","","",0,0
42,0,0,False,0,0,0,0,0,0,0,0,"","","","",0,False,0,0,0,0,0,0,0,0,0,0,0,0,0,0,0,0,0,0,0,0,0,0,0,0,0,0,0,0,0,0,0,0,0,0,0,0,0,0,0,0,0,0,0,0,0,0,0,0,0,0,0,0,0,0,0,0,0,0,0,0,0,0,0,0,0,0,0,0,0,0,0,0,0,0,0,0,"","","","","","","","","","","","",0,0
43,0,0,False,0,0,0,0,0,0,0,0,"","","","",0,False,0,0,0,0,0,0,0,0,0,0,0,0,0,0,0,0,0,0,0,0,0,0,0,0,0,0,0,0,0,0,0,0,0,0,0,0,0,0,0,0,0,0,0,0,0,0,0,0,0,0,0,0,0,0,0,0,0,0,0,0,0,0,0,0,0,0,0,0,0,0,0,0,0,0,0,0,"","","","","","","","","","","","",0,0
44,0,0,False,0,0,0,0,0,0,0,0,"","","","",0,False,0,0,0,0,0,0,0,0,0,0,0,0,0,0,0,0,0,0,0,0,0,0,0,0,0,0,0,0,0,0,0,0,0,0,0,0,0,0,0,0,0,0,0,0,0,0,0,0,0,0,0,0,0,0,0,0,0,0,0,0,0,0,0,0,0,0,0,0,0,0,0,0,0,0,0,0,"","","","","","","","","","","","",0,0
45,8225545,0,False,0,12,5,14,21,0,0,20,"ev_snipe_clic0f","","","",0,False,8225537,8225538,8229226,8225539,8225540,8225541,8225542,0,77,78,0,0,0,0,0,0,0,0,0,0,0,0,0,0,0,0,0,0,0,0,0,0,0,0,0,0,0,0,0,0,20000,20000,20000,20000,20000,20000,20000,20000,1,0,0,0,0,0,0,0,0,0,0,0,0,0,0,0,0,0,0,0,0,0,0,0,0,0,0,0,"Gib Chai-Nuzz das Zeichen!","Warte auf den richtigen Augenblick, damit Chai-Nuzz sich dem Talos nähern kann.","Fehlschlag: Chai-Nuzz wird entdeckt","Zeichen geben","","","","","","","","Zeichen geben",35,35
46,8910706,0,False,0,28,45,72,10,55,0,20,"ev_snipe_clic0f","","","",0,False,8912052,0,0,0,0,0,0,0,88,0,0,0,0,0,0,0,0,0,0,0,0,0,0,0,0,0,0,0,0,0,0,0,0,0,0,0,0,0,0,0,20000,20000,20000,20000,20000,20000,20000,20000,1,0,0,0,0,0,0,0,8910708,8910709,8910710,9068675,0,0,0,0,0,0,0,0,0,0,0,0,0,0,0,0,"Finde bei M-017 eine Anomalie!","Wenn M-017 wirklich mit der Meister-Einheit in Verbindung steht, sollte sich bei ihm eine Anomalie zeigen, wenn Alisaie der Konsole einen Stromschlag versetzt.","","Anomalie bei M-017 markieren","","","","","","","","Markieren",35,35
47,0,0,False,0,0,0,0,0,0,0,0,"","","","",0,False,0,0,0,0,0,0,0,0,0,0,0,0,0,0,0,0,0,0,0,0,0,0,0,0,0,0,0,0,0,0,0,0,0,0,0,0,0,0,0,0,0,0,0,0,0,0,0,0,0,0,0,0,0,0,0,0,0,0,0,0,0,0,0,0,0,0,0,0,0,0,0,0,0,0,0,0,"","","","","","","","","","","","",0,0
48,8944040,0,False,0,10,16,50,60,1000,2,6,"ev_snipe5ct","ev_snipe5_hit0t","ev_snipe5_mis0t","",0,True,8944035,8944036,8944037,8944038,0,0,0,0,89,89,89,0,0,0,0,0,0,0,0,0,0,0,0,0,0,0,0,0,0,0,0,0,0,0,0,0,0,0,0,0,20000,20000,20000,20000,20000,20000,20000,20000,1,1,1,0,0,0,0,0,0,0,0,0,0,0,0,0,0,0,0,0,0,0,0,0,0,0,0,0,"Halte die Colossi auf!","Benutze die Plasmakanone, um die Magitek-Colossi zu Fall zu bringen.","Fehlschlag: Einer der Magitek-Colossi kommt dem Legionär zu nahe.","Die Magitek-Colossi funktionsuntüchtig schießen","","","","","","","","",35,35
49,8960452,0,False,0,15,2,108,115,1200,1,20,"ev_snipe6ct","ev_snipe6_hit0t","ev_snipe6_mis0t","",0,False,8960454,8960455,8964649,8964650,8964651,8964652,8964653,8964654,90,91,91,91,91,91,0,0,0,0,0,0,0,0,0,0,0,0,0,0,0,0,0,0,0,0,0,0,0,0,0,0,2400,2400,2400,2400,2400,2400,20000,20000,1,0,0,0,0,0,0,0,8964655,8964656,8964657,8964658,8964659,8964660,8964661,8964662,0,0,0,0,0,0,0,0,0,0,0,0,"Stoppe Runningway!","Runningway ist ein rastloses Plappermaul.
Stoppe den rasenden Rammler mit einem gut gezielten Wurf!
Aber Achtung! Nicht die Falschen treffen!","Fehlschlag: Einen der gehetzten Loporrit treffen","Runningway mit dem Mousse-Glibber treffen","","","","","","","","Mousse-Glibber schmeißen",35,35
50,8960469,0,False,0,20,15,60,50,4000,0,10,"ev_snipe_clic0f","","","",0,False,8960473,8962263,8962264,8960495,0,0,0,0,92,93,94,95,0,0,0,0,0,0,0,0,0,0,0,0,0,0,0,0,0,0,0,0,0,0,0,0,0,0,0,0,20000,20000,20000,20000,20000,20000,20000,20000,2,3,1,0,0,0,0,0,0,0,0,0,0,0,0,0,0,0,0,0,0,0,0,0,0,0,0,0,"Inspiziere die Anlage!","Die Loporrit möchten wissen, wozu diese Anlage dient.
Lenke ihre Aufmerksamkeit auf die interessantesten Objekte!","","Pilzähnliches Objekt inspizieren","Tankartiges Objekt inspizieren","Röhrenförmiges Objekt inspizieren","","","","","","Inspizieren",35,35
51,9011185,0,False,0,5,20,25,35,2000,1,20,"ev_snipe0cf","ev_snipe_hit0f","ev_snipe_mis0f","",0,False,9011147,9012641,9012642,9012644,0,0,0,0,96,97,98,99,0,0,0,0,0,0,0,0,0,0,0,0,0,0,0,0,0,0,0,0,0,0,0,0,0,0,0,0,20000,20000,20000,20000,20000,20000,20000,20000,1,0,0,0,0,0,0,0,0,0,0,0,0,0,0,0,0,0,0,0,0,0,0,0,0,0,0,0,"Betäube den richtigen Vogel!","Du hilfst Erenville bei der Jagd. Betäube den grünen Vogel mit dem quakenden Ruf.","Fehlschlag: Du betäubst den falschen Vogel.","Den richtigen Vogel betäuben","","","","","","","","Narkosepfeil abschießen",35,35
52,9015090,0,False,0,10,10,45,45,1400,0,20,"ev_snipe_clic0f","","","",0,False,9015404,9015407,9015408,9015410,9015210,0,0,0,100,106,107,108,110,0,0,0,0,0,0,0,0,0,0,0,0,0,0,0,0,0,0,0,0,0,0,0,0,0,0,0,20000,20000,20000,20000,20000,20000,20000,20000,1,0,0,0,0,0,0,0,9015207,9015209,9015412,9015413,9015416,0,0,0,0,0,0,0,0,0,0,0,0,0,0,0,"Beobachte die Omikron!","Die Omikron sollten alle im Bereitschaftsmodus sein. Kannst du vielleicht dennoch einen finden, der sich auffällig aktiv verhält?","","Verdächtigen Omikron finden","","","","","","","","Beobachten",35,35
53,9015599,0,False,0,30,20,50,40,5500,0,20,"ev_snipe_clic0f","","","",0,False,9015595,9015596,9015598,0,0,0,0,0,101,102,103,0,0,0,0,0,0,0,0,0,0,0,0,0,0,0,0,0,0,0,0,0,0,0,0,0,0,0,0,0,5800,4500,10000,20000,20000,20000,20000,20000,1,1,1,0,0,0,0,0,0,0,0,0,0,0,0,0,0,0,0,0,0,0,0,0,0,0,0,0,"Betrachte Thaliaks Statue!","Schau dir die Statue von Kopf bis Fuß an und erhalte weitere Informationen über die Geschichte Sharlayans.","","Thaliaks Statue von Kopf bis Fuß betrachten","","","","","","","","Betrachten",30,20
54,9016807,30,False,0,10,12,30,30,2000,0,20,"ev_snipe_clic0f","","","",0,False,9019765,0,0,0,0,0,0,0,111,0,0,0,0,0,0,0,0,0,0,0,0,0,0,0,0,0,0,0,0,0,0,0,0,0,0,0,0,0,0,0,6000,20000,20000,20000,20000,20000,20000,20000,1,0,0,0,0,0,0,0,9016808,9016811,9016812,9016975,9020884,9020885,0,0,0,0,0,0,0,0,0,0,0,0,0,0,"Zähle die Loporrit!","Du nimmst am Suchspiel „Wo läuft das Langohr?“ teil. Zähle, wie viele Loporrit sich bei den Karottenbeeten aufhalten.","","Die Loporrit zählen","","","","","","","","Zählen",35,35
55,9023743,0,False,0,20,5,20,25,4250,0,10,"ev_snipe_clic0f","","","",0,False,9023738,0,0,0,0,0,0,0,112,0,0,0,0,0,0,0,50,0,0,0,0,0,0,0,0,0,0,0,0,0,0,0,0,0,0,0,0,0,0,0,5500,20000,20000,20000,20000,20000,20000,20000,1,0,0,0,0,0,0,0,0,0,0,0,0,0,0,0,0,0,0,0,0,0,0,0,0,0,0,0,"Hab ein Auge auf Horrea Campi!","Ein Junge wurde beim Lagerhaus Horrea Campi gesichtet. Schau nach, ob er sich dort aufhält.","","Den Jungen aufspüren","","","","","","","","Den Jungen aufspüren",20,15
56,9031095,0,False,0,50,30,80,80,0,0,20,"ev_snipe0cf","ev_snipe_hit0f","ev_snipe_mis0f","",0,False,9031109,0,0,0,0,0,0,0,113,0,0,0,0,0,0,0,53,0,0,0,0,0,0,0,0,0,0,0,0,0,0,0,0,0,0,0,0,0,0,0,10000,20000,20000,20000,20000,20000,20000,20000,1,0,0,0,0,0,0,0,0,0,0,0,0,0,0,0,0,0,0,0,0,0,0,0,0,0,0,0,"Betäube die lebhafte Kreatur!","Die lebhafte Kreatur muss ruhiggestellt werden. Betäube sie mit einem Narkosepfeil.","","Die Kreatur mit dem Pfeil treffen","","","","","","","","Pfeil abschießen",35,35
57,9221834,0,False,0,40,20,40,90,50,0,20,"ev_snipe_clic0f","","","",0,False,9221835,9221836,9221838,9260021,9260022,0,0,0,114,115,116,117,118,0,0,0,0,0,0,0,0,0,0,0,0,0,0,0,0,0,0,0,0,0,0,0,0,0,0,0,20000,20000,20000,20000,20000,20000,20000,20000,1,1,1,0,0,0,0,0,0,0,0,0,0,0,0,0,0,0,0,0,0,0,0,0,0,0,0,0,"Examiniere Patient Hildibrand!","Du beginnst mit der Unter<SoftHyphen/>such<SoftHyphen/>ung von Hildibrand. Finde heraus, wie es um seine gesund<SoftHyphen/>heit<SoftHyphen/>liche Verfassung steht.","","Von Kopf bis Fuß untersuchen","","","","","","","","Ansehen",0,0
58,9327640,0,False,0,20,9,30,30,4500,0,20,"ev_snipe_clic0f","","","",0,False,9327642,9327643,9327644,0,0,0,0,0,119,122,123,0,0,0,0,0,0,0,0,0,0,0,0,0,0,0,0,0,0,0,0,0,0,0,0,0,0,0,0,0,3500,3500,3500,20000,20000,20000,20000,20000,1,0,0,0,0,0,0,0,9327645,9327646,9327647,9327648,9327649,9327655,0,0,0,0,0,0,0,0,0,0,0,0,0,0,"Finde das UFO!","Im Süden von Lentes Träne wurde ein UFO gesichtet. Finde es!","","Das UFO finden","","","","","","","","Ansehen",35,35
59,10155403,0,False,0,5,57,16,31,3700,0,10,"ev_snipe_clic0f","","","",0,False,10155408,0,0,0,0,0,0,0,124,0,0,0,0,0,0,0,0,0,0,0,0,0,0,0,0,0,0,0,0,0,0,0,0,0,0,0,0,0,0,0,6900,20000,20000,20000,20000,20000,20000,20000,1,0,0,0,0,0,0,0,0,0,0,0,0,0,0,0,0,0,0,0,0,0,0,0,0,0,0,0,"Suche nach Auffälligkeiten!","Irgendwo am Feuerwall muss es etwas geben, was mit dem Traum des Fahrenden Sängers zu tun hat. Sieh dich um.","","Auffälligkeiten finden","","","","","","","","Ansehen",20,15
60,10334932,0,False,0,20,25,27,25,100,0,10,"ev_snipe_clic0f","","","",0,False,10334960,10334961,10334962,0,0,0,0,0,125,126,127,0,0,0,0,0,0,0,0,0,0,0,0,0,0,0,0,0,0,0,0,0,0,0,0,0,0,0,0,0,20000,20000,20000,20000,20000,20000,20000,20000,1,1,1,0,0,0,0,0,0,0,0,0,0,0,0,0,78,0,0,0,2,0,0,0,10839350,0,0,0,"Untersuche die Sänfte!","Sieh dir die Festsänfte der Hanuhanu genau an und suche nach Stellen, die repariert werden müssen.","","Die Sänfte untersuchen","","","","","","","","Ansehen",0,0
61,10339656,0,False,0,25,15,70,70,0,0,10,"ev_snipe_clic0f","","","",0,False,10339679,10339735,10339736,10764673,0,0,0,0,128,129,130,134,0,0,0,0,0,0,0,0,0,0,0,0,0,0,0,0,0,0,0,0,0,0,0,0,0,0,0,0,20000,20000,20000,20000,20000,20000,20000,20000,1,1,1,1,0,0,0,0,10339681,0,0,0,0,0,0,0,0,0,0,0,0,0,0,0,0,0,0,0,"Untersuche Kaahes Werkstatt!","Lass den Blick durch Kaahes Werkstatt schweifen und finde heraus, was an seinem Arbeitsumfeld nicht in Ordnung sein könnte.","","Die Werkstatt untersuchen","","","","","","","","観察する",0,0
62,10384388,0,False,0,5,15,10,70,9300,0,10,"ev_snipe_clic0f","","","",0,False,10386698,10386701,10386706,10676023,0,0,0,0,131,133,132,132,0,0,0,0,0,0,0,0,0,0,0,0,0,0,0,0,0,0,0,0,0,0,0,0,0,0,0,0,4500,4500,4000,3000,20000,20000,20000,20000,1,0,0,0,0,0,0,0,10386699,10386702,10386703,10386704,10386705,10773945,10773949,0,0,0,0,0,0,0,0,0,0,0,0,0,"Suche den Soldaten des Himmelsheers!","Der Soldat, der den Weltverbesserer verfolgen wollte, könnte hier irgendwo sein. Suche die Umgebung ab.","","Den Soldaten finden","","","","","","","","Beobachten",15,10
63,0,0,False,0,0,0,0,0,0,0,0,"","","","",0,False,0,0,0,0,0,0,0,0,0,0,0,0,0,0,0,0,0,0,0,0,0,0,0,0,0,0,0,0,0,0,0,0,0,0,0,0,0,0,0,0,0,0,0,0,0,0,0,0,0,0,0,0,0,0,0,0,0,0,0,0,0,0,0,0,0,0,0,0,0,0,0,0,0,0,0,0,"","","","","","","","","","","","",0,0
64,10510499,0,False,0,10,30,45,25,0,0,20,"ev_snipe_clic0f","","","",0,False,10516781,10517930,10516782,10517929,0,0,0,0,138,139,140,141,0,0,0,0,0,0,0,0,0,0,0,0,0,0,0,0,0,0,0,0,0,0,0,0,0,0,0,0,20000,20000,20000,20000,20000,20000,20000,20000,1,1,1,0,0,0,0,0,0,0,0,0,0,0,0,0,0,0,0,0,0,0,0,0,0,0,0,0,"Untersuche den feindlichen Soldaten","Eine gründliche Analyse des Soldaten sollte einige interessante Erkenntnisse über Zoraal Jas Truppen bereithalten.","","Den Soldaten von Kopf bis Fuß unter die Lupe nehmen","","","","","","","","Ansehen",0,0
65,10562671,0,False,0,20,10,38,38,1000,0,20,"ev_snipe_clic0f","","","",0,False,10562666,10562669,10562670,0,0,0,0,0,142,143,144,0,0,0,0,0,0,0,0,0,0,0,0,0,0,0,0,0,0,0,0,0,0,0,0,0,0,0,0,0,20000,20000,20000,20000,20000,20000,20000,20000,1,1,1,0,0,0,0,0,0,0,0,0,0,0,0,0,0,0,0,0,0,0,0,0,0,0,0,0,"Inspiziere die Erdseim-Fabrik!","Überprüfe die Ausrüstung auf mögliche Probleme.","","Die Erdseim-Fabrik inspizieren","","","","","","","","Ansehen",0,0
66,10805071,0,False,0,30,5,45,40,0,0,10,"ev_snipe_clic0f","","","",0,False,10805073,10805074,10805075,10805076,10805077,0,0,0,145,146,147,148,149,0,0,0,0,0,0,0,0,0,0,0,0,0,0,0,0,0,0,0,0,0,0,0,0,0,0,0,20000,20000,20000,20000,20000,20000,20000,20000,1,1,1,0,0,0,0,0,0,0,0,0,0,0,0,0,0,0,0,0,0,0,0,0,0,0,0,0,"Untersuche die Zwillingskopf-Statue!","Sieh dir die Zwillingskopf-Statue genau an, um mehr über Mamook zu erfahren.","","Die Zwillingskopf-Statue untersuchen","","","","","","","","Ansehen",0,0
67,11612906,0,False,0,28,12,80,38,5100,0,10,"ev_snipe_clic0f","","","",0,False,11654632,11654634,11654637,0,0,0,0,0,150,152,153,0,0,0,0,0,0,0,0,0,0,0,0,0,0,0,0,0,0,0,0,0,0,0,0,0,0,0,0,0,3000,3000,7000,20000,20000,20000,20000,20000,1,0,0,0,0,0,0,0,11654633,11654635,11654638,11654639,11654636,11655591,11655592,0,0,0,0,0,0,0,0,0,0,0,0,0,"Finde den Badegast in Not!","Jemand ist am Ertrinken! Beeil dich und finde die Person zwischen den Wogen!","","Den Badegast retten","","","","","","","","Beobachten",15,15
