key,0,1,2,3,4,5,6,7
#,PlayerLevel,,,PlaceName,Icon,Order,Name,Description
int32,uint16,bit&01,uint16,PlaceName,Image,uint16,str,str
0,0,False,0,0,0,1,"",""
1,60,False,0,2089,112145,100,"Entraînement basique","“Le cœur d'un guerrier doit être solide comme la pierre, immense comme le ciel et vaste comme la mer.” Ce vieil adage éorzéen est une sagesse qui encourage les combattants à per<SoftHyphen/>fec<SoftHyphen/>tion<SoftHyphen/>ner leur technique sans relâche, et ce n'est pas un hasard si certains aventuriers appellent cette aire d'en<SoftHyphen/>traî<SoftHyphen/>ne<SoftHyphen/>ment “Pierre, ciel, mer”. Déchaînez-vous sur le mannequin, et améliorez vos performances<Indent/>!"
2,60,False,0,2089,112146,101,"Simulation : L'Immensité bleue (extrême)","Ce mannequin a été fabriqué sur la base de témoignages d'aventuriers qui ont tenté d'éliminer la nouvelle incarnation du Migrateur des brumes. Si jamais vous décidez de monter une expédition punitive contre ce gobeur d'îles flottantes, n'hésitez surtout pas à vous entraîner avant de partir au combat<Indent/>!"
3,60,False,0,2089,112147,102,"Simulation : Gordias : le Père","La guilde des aventuriers a appris que vous aviez trouvé un moyen d'entrer à l'intérieur du géant mécanique qui est apparu dans l'Arrière-pays dravanien. Afin de vous aider à vous préparer au mieux pour cette périlleuse mission, nous avons fait fabriquer un mannequin spécial qui devrait vous permettre de vous entraîner afin d'affronter tous les dangers qui vous attendent dans ce Primordial."
4,60,False,0,2089,112148,103,"Simulation : Le Poing du Père (sadique)","Le ménestrel errant nous a narré vos exploits à l'intérieur du Primordial Alexander. Pour vous récompenser de vos efforts, nous avons fait fabriquer un mannequin aussi résistant que les ennemis que vous avez dû affronter. N'hésitez pas à vous entraîner dessus afin de montrer aux autres aventuriers l'étendue de votre puissance<Indent/>!"
5,60,False,0,2089,112149,104,"Simulation : Le Poignet du Père (sadique)","Le ménestrel errant nous a narré vos exploits à l'intérieur du Primordial Alexander. Pour vous récompenser de vos efforts, nous avons fait fabriquer un mannequin aussi résistant que les ennemis que vous avez dû affronter. N'hésitez pas à vous entraîner dessus afin de montrer aux autres aventuriers l'étendue de votre puissance<Indent/>!"
6,60,False,0,2089,112150,105,"Simulation : Le Bras du Père (sadique)","Le ménestrel errant nous a narré vos exploits à l'intérieur du Primordial Alexander. Pour vous récompenser de vos efforts, nous avons fait fabriquer un mannequin aussi résistant que les ennemis que vous avez dû affronter. N'hésitez pas à vous entraîner dessus afin de montrer aux autres aventuriers l'étendue de votre puissance<Indent/>!"
7,60,False,0,2089,112151,106,"Simulation : Le Fardeau du Père (sadique)","Le ménestrel errant nous a narré vos exploits à l'intérieur du Primordial Alexander. Pour vous récompenser de vos efforts, nous avons fait fabriquer un mannequin aussi résistant que les ennemis que vous avez dû affronter. N'hésitez pas à vous entraîner dessus afin de montrer aux autres aventuriers l'étendue de votre puissance<Indent/>!"
8,60,False,0,2089,112152,107,"Simulation : le règne de Thordan","La rumeur de votre combat contre Thordan et ses chevaliers de la Table ronde est parvenue jusqu'à nos oreilles. Le ménestrel errant nous a raconté toute l'histoire dans les moindres détails<Indent/>! Nous nous sommes basés sur son récit pour fabriquer un mannequin aussi redoutable que les protagonistes de cette terrible bataille. En espérant qu'il vous plaira<Indent/>!"
9,60,False,0,2089,112153,108,"Simulation : Sephirot (extrême)","Nous avons entendu dire que vous avez vaincu l'une des divinités démoniaques de la Triade guerrière. Toutes nos félicitations<Indent/>! Nous avons réalisé un mannequin ex<SoftHyphen/>trê<SoftHyphen/>me<SoftHyphen/>ment robuste, qui devrait vous aider à vous préparer aux prochaines batailles qui vous attendent."
10,60,False,0,2089,112154,109,"Simulation : Midas : le Fils","Nos agents nous ont indiqué que le Primordial-machine Alexander avait bougé une fois de plus, et ils suspectent les Gobelins de la Main indigo d'y avoir introduit de nouvelles armes pour protéger leur base d'opération. De ce fait, nous avons commandé en urgence un mannequin qui vous permettra de vous préparer à la réussite de votre mission."
11,60,False,0,2089,112155,110,"Simulation : Le Poing du Fils (sadique)","Le ménestrel errant nous a conté vos nouveaux exploits à l'intérieur du Primordial-machine. Nous avons im<SoftHyphen/>mé<SoftHyphen/>dia<SoftHyphen/>te<SoftHyphen/>ment contacté notre meilleur ouvrier pour lui demander de fabriquer un mannequin aussi robuste que les ennemis que vous avez combattus dans le bras gauche d'Alexander. N'hésitez pas à vous défouler dessus<Indent/>!"
12,60,False,0,2089,112156,111,"Simulation : Le Poignet du Fils (sadique)","Le ménestrel errant nous a conté vos nouveaux exploits à l'intérieur du Primordial-machine. Nous avons im<SoftHyphen/>mé<SoftHyphen/>dia<SoftHyphen/>te<SoftHyphen/>ment contacté notre meilleur ouvrier pour lui demander de fabriquer un mannequin aussi robuste que les ennemis que vous avez combattus dans le bras gauche d'Alexander. N'hésitez pas à vous défouler dessus<Indent/>!"
13,60,False,0,2089,112157,112,"Simulation : Le Bras du Fils (sadique)","Le ménestrel errant nous a conté vos nouveaux exploits à l'intérieur du Primordial-machine. Nous avons im<SoftHyphen/>mé<SoftHyphen/>dia<SoftHyphen/>te<SoftHyphen/>ment contacté notre meilleur ouvrier pour lui demander de fabriquer un mannequin aussi robuste que les ennemis que vous avez combattus dans le bras gauche d'Alexander. N'hésitez pas à vous défouler dessus<Indent/>!"
14,60,False,0,2089,112158,113,"Simulation : Le Fardeau du Fils (sadique)","Le ménestrel errant nous a conté vos nouveaux exploits à l'intérieur du Primordial-machine. Nous avons im<SoftHyphen/>mé<SoftHyphen/>dia<SoftHyphen/>te<SoftHyphen/>ment contacté notre meilleur ouvrier pour lui demander de fabriquer un mannequin aussi robuste que les ennemis que vous avez combattus dans le bras gauche d'Alexander. N'hésitez pas à vous défouler dessus<Indent/>!"
15,60,False,0,2089,112159,114,"Simulation : l'ire de Nidhogg","Le ménestrel errant nous a fait le récit de votre combat contre le dragon maléfique Nidhogg devant la sainte Cité. Nous nous sommes donc basés sur sa description pour fabriquer un mannequin aussi terrible et puissant que cet ennemi millénaire des Ishgardais. Nous espérons qu'il vous donnera pleine sa<SoftHyphen/>tis<SoftHyphen/>fac<SoftHyphen/>tion<Indent/>!"
16,60,False,0,2089,112205,115,"Simulation : Sophia (extrême)","La guilde des aventuriers a appris que vous étiez venu<If(PlayerParameter(4))>e<Else/></If> à bout de l'impitoyable Déesse. Aussi réjouissante cette annonce soit-elle, votre lutte contre la Triade guerrière n'est malheureusement pas encore tout à fait terminée. Pour vous permettre de vous préparer au mieux aux prochains défis à venir, nous vous offrons un mannequin présenté comme indestructible par son créateur. Vous nous en direz des nouvelles<Indent/>!"
17,60,False,0,2089,112206,116,"Simulation : Alexander : le Créateur","Tout semble indiquer que le moment du combat décisif est arrivé dans la lutte contre les Gobelins de la Main indigo pour l'avenir... et même le passé de l'humanité. Nous avons par conséquent préparé un mannequin spécial pour mettre toutes les chances de votre côté."
18,60,False,0,2089,112207,117,"Simulation : Les Yeux du Créateur (sadique)","Le ménestrel errant nous a fait part de vos fantastiques exploits et de votre bravoure dans votre combat contre les ambitions mégalomanes de Quickthinx le Cerveau et de ses sbires. Nous avons donc décidé de marquer ce récit épique en demandant à nos meilleurs artisans de fabriquer un mannequin ex<SoftHyphen/>trê<SoftHyphen/>me<SoftHyphen/>ment résistant<Indent/>!"
19,60,False,0,2089,112208,118,"Simulation : Le Souffle du Créateur (sadique)","Le ménestrel errant nous a fait part de vos fantastiques exploits et de votre bravoure dans votre combat contre les ambitions mégalomanes de Quickthinx le Cerveau et de ses sbires. Nous avons donc décidé de marquer ce récit épique en demandant à nos meilleurs artisans de fabriquer un mannequin ex<SoftHyphen/>trê<SoftHyphen/>me<SoftHyphen/>ment résistant<Indent/>!"
20,60,False,0,2089,112209,119,"Simulation : Le Cœur du Créateur (sadique)","Le ménestrel errant nous a fait part de vos fantastiques exploits et de votre bravoure dans votre combat contre les ambitions mégalomanes de Quickthinx le Cerveau et de ses sbires. Nous avons donc décidé de marquer ce récit épique en demandant à nos meilleurs artisans de fabriquer un mannequin ex<SoftHyphen/>trê<SoftHyphen/>me<SoftHyphen/>ment résistant<Indent/>!"
21,60,False,0,2089,112210,120,"Simulation : L'Âme du Créateur (sadique)","Le ménestrel errant nous a fait part de vos fantastiques exploits et de votre bravoure dans votre combat contre les ambitions mégalomanes de Quickthinx le Cerveau et de ses sbires. Nous avons donc décidé de marquer ce récit épique en demandant à nos meilleurs artisans de fabriquer un mannequin ex<SoftHyphen/>trê<SoftHyphen/>me<SoftHyphen/>ment résistant<Indent/>!"
22,60,False,0,2089,112211,121,"Simulation : Zurvan (extrême)","Ayant eu échos de votre victoire contre le terrible Zurvan, signifiant que vous avez réduit à néant la menace posée par la Triade guerrière, la guilde des aventuriers a décidé de créer un mannequin ex<SoftHyphen/>trê<SoftHyphen/>me<SoftHyphen/>ment résistant pour vous permettre de continuer à dépasser vos limites. Après tout, ce n'est pas parce que vous avez annihilé le Démon que vous devez vous reposer sur vos lauriers<Indent/>!"
23,70,False,0,2628,112247,200,"Simulation : la Ménagerie royale","En tant que Mhigois, je ne te remercierai jamais assez d'avoir libéré notre patrie du joug de l'infâme Zenos yae Galvus. Tiens, j'ai conçu ce mannequin d'en<SoftHyphen/>traî<SoftHyphen/>ne<SoftHyphen/>ment sur le modèle du dragon Shinryu rien que pour toi. J'espère qu'il te sera utile pour te préparer aux défis toujours plus corsés qui t'attendent<Indent/>!"
24,70,False,0,2628,112249,201,"Simulation : Émanation (extrême)","Je me demandais qui était <If(PlayerParameter(4))>la brave<Else/>le brave</If> qui avait accompli l'exploit de terrasser Lakshmi, la déesse des Anantas... J'aurais dû me douter que c'était toi<Indent/>! Si tu ne l'avais pas vaincue, elle aurait pu devenir encore plus puissante... J'ai conçu ce mannequin en envisageant cette terrifiante éventualité... Eh oui, il faut toujours songer au pire<Indent/>!"
25,70,False,0,2628,112248,202,"Simulation : la Crique aux tributs (extrême)","On m'a glissé à l'oreille que tu aurais abattu Susano, une divinité des lointaines contrées orientales<Indent/>? Eh bien... J'ai conçu un mannequin en pensant à  ce qui se passerait si cette bête ressuscitait, plus puissante que jamais... Oui, mon imagination est sans borne."
26,70,False,0,2628,112250,203,"Simulation : Deltastice","Hé, j'ai entendu dire que tes amis et toi aviez entrepris de découvrir ce qui se trame au fond du Bâillement, ce cratère rempli d'eau bizarre... Pour vous aider, j'ai mis au point un mannequin tout beau tout neuf, avec le concours d'un employé des Forges de Garlond, un type vraiment baraqué... Tu m'en diras des nouvelles<Indent/>!"
27,70,False,0,2628,112251,204,"Simulation : Deltastice v1.0 (sadique)","Donc, tu as fini par atterrir dans une sorte de monde virtuel appelé “Deltastice”, où de redoutables ennemis t'attendaient<Indent/>? Je ne suis pas sûr de tout comprendre, mais merci d'avoir œuvré pour la paix en Gyr Abania. Au passage, j'ai encore amélioré mon mannequin précédent, toujours avec la coopération des Forges de Garlond. Ces types sont des génies<Indent/>!"
28,70,False,0,2628,112252,205,"Simulation : Deltastice v2.0 (sadique)","Donc, tu as fini par atterrir dans une sorte de monde virtuel appelé “Deltastice”, où de redoutables ennemis t'attendaient<Indent/>? Je ne suis pas sûr de tout comprendre, mais merci d'avoir œuvré pour la paix en Gyr Abania. Au passage, j'ai encore amélioré mon mannequin précédent, toujours avec la coopération des Forges de Garlond. Ces types sont des génies<Indent/>!"
29,70,False,0,2628,112253,206,"Simulation : Deltastice v3.0 (sadique)","Donc, tu as fini par atterrir dans une sorte de monde virtuel appelé “Deltastice”, où de redoutables ennemis t'attendaient<Indent/>? Je ne suis pas sûr de tout comprendre, mais merci d'avoir œuvré pour la paix en Gyr Abania. Au passage, j'ai encore amélioré mon mannequin précédent, toujours avec la coopération des Forges de Garlond. Ces types sont des génies<Indent/>!"
30,70,False,0,2628,112254,207,"Simulation : Deltastice v4.0 (sadique)","Donc, tu as fini par atterrir dans une sorte de monde virtuel appelé “Deltastice”, où de redoutables ennemis t'attendaient<Indent/>? Je ne suis pas sûr de tout comprendre, mais merci d'avoir œuvré pour la paix en Gyr Abania. Au passage, j'ai encore amélioré mon mannequin précédent, toujours avec la coopération des Forges de Garlond. Ces types sont des génies<Indent/>!"
31,70,False,0,2628,112260,208,"Simulation : le domaine de Shinryu","En écoutant le récit de votre combat titanesque contre Zenos et le Primordial Shinryu dans le ciel d'Ala Mhigo, le ménestrel errant a trouvé l'inspiration pour une nouvelle légende. Nous avons donc mis au point un mannequin qui est d'une solidité quasi mythologique<Indent/>! À vous de vous y mesurer<Indent/>!"
32,70,False,0,2628,112277,209,"Simulation : Sigmastice","Alors comme ça, tu es <If(PlayerParameter(4))>retournée<Else/>retourné</If> au fond du Bâillement pour passer d'autres tests<Indent/>? Tu seras <If(PlayerParameter(4))>contente<Else/>content</If> de savoir que j'ai encore amélioré mon mannequin, cette fois avec l'aide de la dernière recrue des Forges de Garlond<Indent/>! Je l'ai trouvé arrogant au début, mais j'ai vite compris qu'il savait par<SoftHyphen/>fai<SoftHyphen/>te<SoftHyphen/>ment ce qu'il faisait... Résultat, te voilà avec un nouveau partenaire d'en<SoftHyphen/>traî<SoftHyphen/>ne<SoftHyphen/>ment de tout premier ordre, alors fais-en bon usage<Indent/>!"
33,70,False,0,2628,112278,210,"Simulation : Sigmastice v1.0 (sadique)","J'ai ouï dire du côté des Forges de Garlond que tu étais <If(PlayerParameter(4))>sortie<Else/>sorti</If> vainqueur de tous tes duels dans le Sigmastice... Mes félicitations<Indent/>! Une fois de plus, grâce à toi, la paix est préservée en Gyr Abania. Mais pour combien de temps<Indent/>? J'ai apporté quelques retouches à mon mannequin pour que tu puisses continuer à t'entraîner en attendant ton prochain défi, donc je compte sur toi pour ne pas te reposer sur tes lauriers<Indent/>!"
34,70,False,0,2628,112279,211,"Simulation : Sigmastice v2.0 (sadique)","J'ai ouï dire du côté des Forges de Garlond que tu étais <If(PlayerParameter(4))>sortie<Else/>sorti</If> vainqueur de tous tes duels dans le Sigmastice... Mes félicitations<Indent/>! Une fois de plus, grâce à toi, la paix est préservée en Gyr Abania. Mais pour combien de temps<Indent/>? J'ai apporté quelques retouches à mon mannequin pour que tu puisses continuer à t'entraîner en attendant ton prochain défi, donc je compte sur toi pour ne pas te reposer sur tes lauriers<Indent/>!"
35,70,False,0,2628,112280,212,"Simulation : Sigmastice v3.0 (sadique)","J'ai ouï dire du côté des Forges de Garlond que tu étais <If(PlayerParameter(4))>sortie<Else/>sorti</If> vainqueur de tous tes duels dans le Sigmastice... Mes félicitations<Indent/>! Une fois de plus, grâce à toi, la paix est préservée en Gyr Abania. Mais pour combien de temps<Indent/>? J'ai apporté quelques retouches à mon mannequin pour que tu puisses continuer à t'entraîner en attendant ton prochain défi, donc je compte sur toi pour ne pas te reposer sur tes lauriers<Indent/>!"
36,70,False,0,2628,112281,213,"Simulation : Sigmastice v4.0 (sadique)","J'ai ouï dire du côté des Forges de Garlond que tu étais <If(PlayerParameter(4))>sortie<Else/>sorti</If> vainqueur de tous tes duels dans le Sigmastice... Mes félicitations<Indent/>! Une fois de plus, grâce à toi, la paix est préservée en Gyr Abania. Mais pour combien de temps<Indent/>? J'ai apporté quelques retouches à mon mannequin pour que tu puisses continuer à t'entraîner en attendant ton prochain défi, donc je compte sur toi pour ne pas te reposer sur tes lauriers<Indent/>!"
37,70,False,0,2628,112276,214,"Simulation : la Clairière de Jade (extrême)","La rumeur de vos exploits dans les contrées orientales sont parvenues jusqu'à nous. À la demande par<SoftHyphen/>ti<SoftHyphen/>cu<SoftHyphen/>liè<SoftHyphen/>re de madame Tataru des Héritiers de la Septième Aube, nous avons mis au point un mannequin tout spé<SoftHyphen/>cia<SoftHyphen/>le<SoftHyphen/>ment pour <If(PlayerParameter(4))>la<Else/>le</If> vainqueur de Byakko le Tigre blanc. N'hésitez pas à vous y mesurer<Indent/>!"
38,70,False,0,2628,112293,215,"Simulation : Castrum Fluminis (extrême)","Alors comme ça, tu as terrassé une nouvelle Primordiale à Doma<Indent/>! On m'a parlé de cette Tsukuyomi, et je me suis mis à imaginer comment les choses auraient pu tourner si elle avait été plus puissante que ça. Ça m'a même empêché de dormir, alors j'en ai profité pour mettre au point un nouveau mannequin."
39,70,False,0,2628,112330,216,"Simulation : le Nid des Lamentations (extrême)","Suite à une nouvelle demande de madame Tataru des Héritiers de la Septième Aube, nous avons mis au point un mannequin tout spé<SoftHyphen/>cia<SoftHyphen/>le<SoftHyphen/>ment pour <If(PlayerParameter(4))>la<Else/>le</If> vainqueur de Suzaku l'Oiseau vermillon. Il vous attend de pied ferme<Indent/>!"
40,70,False,0,2628,112325,217,"Simulation : Alphastice","L'ingénieur récemment recruté par les Forges de Garlond m'a fait parvenir des plans pour améliorer mon mannequin. Il m'a expliqué qu'il y avait mis tout son savoir-faire pour te permettre de remporter la victoire... Si j'étais toi, j'en profiterais pour m'exercer et mettre toutes les chances de mon côté avant de retourner dans le Bâillement<Indent/>!"
41,70,False,0,2628,112326,218,"Simulation : Alphastice v1.0 (sadique)","J'ai appris via un communiqué des Forges de Garlond que tu avais sauvé non seulement Gyr Abania, mais aussi Hydaelyn en venant à bout d'Oméga<Indent/>! C'est effrayant de se dire que le destin de la planète s'est joué sous vos yeux, sans que vous en ayez la moindre idée... Pour te remercier, j'ai décidé d'améliorer mon mannequin, bien sûr. Je me suis surpassé, donc tu m'en diras des nouvelles<Indent/>!"
42,70,False,0,2628,112327,219,"Simulation : Alphastice v2.0 (sadique)","J'ai appris via un communiqué des Forges de Garlond que tu avais sauvé non seulement Gyr Abania, mais aussi Hydaelyn en venant à bout d'Oméga<Indent/>! C'est effrayant de se dire que le destin de la planète s'est joué sous vos yeux, sans que vous en ayez la moindre idée... Pour te remercier, j'ai décidé d'améliorer mon mannequin, bien sûr. Je me suis surpassé, donc tu m'en diras des nouvelles<Indent/>!"
43,70,False,0,2628,112328,220,"Simulation : Alphastice v3.0 (sadique)","J'ai appris via un communiqué des Forges de Garlond que tu avais sauvé non seulement Gyr Abania, mais aussi Hydaelyn en venant à bout d'Oméga<Indent/>! C'est effrayant de se dire que le destin de la planète s'est joué sous vos yeux, sans que vous en ayez la moindre idée... Pour te remercier, j'ai décidé d'améliorer mon mannequin, bien sûr. Je me suis surpassé, donc tu m'en diras des nouvelles<Indent/>!"
44,70,False,0,2628,112329,221,"Simulation : Alphastice v4.0 (sadique)","J'ai appris via un communiqué des Forges de Garlond que tu avais sauvé non seulement Gyr Abania, mais aussi Hydaelyn en venant à bout d'Oméga<Indent/>! C'est effrayant de se dire que le destin de la planète s'est joué sous vos yeux, sans que vous en ayez la moindre idée... Pour te remercier, j'ai décidé d'améliorer mon mannequin, bien sûr. Je me suis surpassé, donc tu m'en diras des nouvelles<Indent/>!"
45,70,False,0,2628,112341,222,"Simulation : l'Îlot des Amertumes (extrême)","Madame Tataru des Héritiers de la Septième Aube s'est encore une fois manifestée, suite à quoi nous avons mis au point un mannequin tout spé<SoftHyphen/>cia<SoftHyphen/>le<SoftHyphen/>ment pour <If(PlayerParameter(4))>la<Else/>le</If> vainqueur de Seiryû le Dragon azur. Nous espérons que vous en tirerez la plus grande des sa<SoftHyphen/>tis<SoftHyphen/>fac<SoftHyphen/>tions<Indent/>!"
46,80,False,0,3101,112370,300,"Simulation : le Râle de l'Agonie","Mes collègues et moi, on s'est dit qu'une personne assez forte pour ramener la nuit dans notre monde ravagé par la Lumière aurait besoin d'un mannequin plus résistant que la moyenne. Alors on s'est retroussé les manches et on en a fabriqué un sur mesure rien que pour toi, <If(PlayerParameter(4))>Guerrière<Else/>Guerrier</If> des Ténèbres<Indent/>! Essaie-le, je suis sûr qu'il te plaira<Indent/>!"
47,80,False,0,3101,112369,301,"Simulation : la Couronne de l'Immaculé (extrême)","Ah, Vauthry... Tout le monde savait que notre ancien gouverneur avait le pouvoir de contrôler les purgateurs, mais de là à imaginer qu'il en serait lui-même un... Tiens, on a con<SoftHyphen/>fec<SoftHyphen/>tion<SoftHyphen/>né un mannequin qui devrait te rappeler peu ou prou les sensations que tu as ressenties en lui flanquant une rouste. Ne nous remercie pas<Indent/>!"
48,80,False,0,3101,112368,302,"Simulation : la Valse du Monarque (extrême)","Alors c'est vrai<Indent/>? Titania, le monarque du peuple féerique, était devenu un grand purgateur<Indent/>? C'est fou... Et c'est encore plus fou que tu aies réussi à vaincre un être aussi puissant. Cette histoire m'a inspiré un mannequin d'en<SoftHyphen/>traî<SoftHyphen/>ne<SoftHyphen/>ment dont tu me diras des nouvelles<Indent/>!"
49,80,False,0,3101,112371,303,"Simulation : L'Éveil d'Éden","Alors comme ça on s'aventure dans Le Grand Vide<Indent/>? C'est une caravane de marchands mords qui m'a mis au parfum. Quand j'ai entendu ça, je me suis dit qu'un mannequin te serait sûrement utile, alors je me suis mis au boulot. J'espère que tu l'apprécieras<Indent/>!"
50,80,False,0,3101,112364,304,"Simulation : L'Éveil d'Éden - Résurrection (sadique)","Mes amis mords m'ont relayé une rumeur. Il paraîtrait que quelqu'un est parvenu à revitaliser les énergies de la terre et de l'eau dans Le Grand Vide<Indent/>!? T'en fais pas, j'irai pas le crier sur tous les toits. Par contre, j'en ai profité pour améliorer mes mannequins, et ça, tu peux le faire savoir<Indent/>!"
51,80,False,0,3101,112365,305,"Simulation : L'Éveil d'Éden - Descente (sadique)","Mes amis mords m'ont relayé une rumeur. Il paraîtrait que quelqu'un est parvenu à revitaliser les énergies de la terre et de l'eau dans Le Grand Vide<Indent/>!? T'en fais pas, j'irai pas le crier sur tous les toits. Par contre, j'en ai profité pour améliorer mes mannequins, et ça, tu peux le faire savoir<Indent/>!"
52,80,False,0,3101,112366,306,"Simulation : L'Éveil d'Éden - Déluge (sadique)","Mes amis mords m'ont relayé une rumeur. Il paraîtrait que quelqu'un est parvenu à revitaliser les énergies de la terre et de l'eau dans Le Grand Vide<Indent/>!? T'en fais pas, j'irai pas le crier sur tous les toits. Par contre, j'en ai profité pour améliorer mes mannequins, et ça, tu peux le faire savoir<Indent/>!"
53,80,False,0,3101,112367,307,"Simulation : L'Éveil d'Éden - Inhumation (sadique)","Mes amis mords m'ont relayé une rumeur. Il paraîtrait que quelqu'un est parvenu à revitaliser les énergies de la terre et de l'eau dans Le Grand Vide<Indent/>!? T'en fais pas, j'irai pas le crier sur tous les toits. Par contre, j'en ai profité pour améliorer mes mannequins, et ça, tu peux le faire savoir<Indent/>!"
54,80,False,0,3101,112377,308,"Simulation : le Râle de l'Agonie (extrême)","Tu penses avoir tout vu en matière de mannequins<Indent/>? Détrompe-toi, en voici un qui devrait te donner du fil à retordre<Indent/>! On l'a conçu pour que tu puisses revivre, de façon décuplée, les sensations de ton combat dans les profondeurs de La Tempête, celui-là même qui a bouleversé à jamais le destin de Norvrandt<Indent/>!"
55,80,False,0,3101,112398,309,"Simulation : les Nuées de Brandons (extrême)","C'est vraiment très étrange, mais depuis l'autre soir, vous êtes persuadé<If(PlayerParameter(4))>e<Else/></If> d'avoir combattu un géant rouge écarlate. Est-ce une mauvaise farce des Pixies<Indent/>? Personne ne le sait... Quoi qu'il en soit, cette vision d'un combat aux proportions épiques s'est ancrée dans votre imagination et bénéficie grandement votre mannequin<Indent/>!"
56,80,False,0,3101,112393,310,"Simulation : Les Accords d'Éden","Les marchands mords ont cafté<Indent/>; paraît-il que tu multiplies les virées dans Le Grand Vide ces derniers temps... Si c'est le cas, il te faut un mannequin un peu plus costaud que les précédents pour t'entraîner. Tiens, essaye un peu celui-là pour voir<Indent/>!"
57,80,False,0,3101,112394,311,"Simulation : Les Accords d'Éden - Fulmination (sadique)","Les murs ont des oreilles, les Mords aussi<Indent/>! La preuve, c'est grâce à eux que je sais que tes copains et toi avez réussi à revitaliser les six éléments. Une avancée pareille, ça se fête... en tapant sur des mannequins<Indent/>!"
58,80,False,0,3101,112395,312,"Simulation : Les Accords d'Éden - Fureur (sadique)","Les murs ont des oreilles, les Mords aussi<Indent/>! La preuve, c'est grâce à eux que je sais que tes copains et toi avez réussi à revitaliser les six éléments. Une avancée pareille, ça se fête... en tapant sur des mannequins<Indent/>!"
59,80,False,0,3101,112396,313,"Simulation : Les Accords d'Éden - Iconoclasme (sadique)","Les murs ont des oreilles, les Mords aussi<Indent/>! La preuve, c'est grâce à eux que je sais que tes copains et toi avez réussi à revitaliser les six éléments. Une avancée pareille, ça se fête... en tapant sur des mannequins<Indent/>!"
60,80,False,0,3101,112397,314,"Simulation : Les Accords d'Éden - Éclat (sadique)","Les murs ont des oreilles, les Mords aussi<Indent/>! La preuve, c'est grâce à eux que je sais que tes copains et toi avez réussi à revitaliser les six éléments. Une avancée pareille, ça se fête... en tapant sur des mannequins<Indent/>!"
61,80,False,0,3101,112405,315,"Simulation : le Trône du Sacrifice (extrême)","Les miracles n'en finissent plus de pleuvoir en Norvrandt, ma parole. Enfin, celui-là on s'en serait bien passé. Ces guerriers lumineux ont fichu un joli foutoir. Je vous conseille de vous entraîner sur nos mannequins, au cas où ils repointeraient le bout de leur nez<Indent/>!"
62,80,False,0,3101,112427,316,"Simulation : Castrum Marinum (extrême)","Un rêve mystérieux s'est emparé de vous, où vous vous retrouviez face à face avec un géant couleur de jade. Qu'est-ce que tout cela peut donc signifier...? Quoi qu'il en soit, cette vision d'un combat aux proportions épiques s'est ancrée dans votre imagination et bénéficie grandement votre mannequin<Indent/>!"
63,80,False,0,3101,112422,317,"Simulation : La Promesse d'Éden","D'après les marchands mords, tu entrerais dans la dernière ligne droite de tes expéditions dans Le Grand Vide... Y a pas grand-chose que je peux faire pour t'aider, à part améliorer mes mannequins pour te donner de quoi t'entraîner con<SoftHyphen/>ve<SoftHyphen/>na<SoftHyphen/>ble<SoftHyphen/>ment. Je compte sur toi et tes copains pour taper dessus comme si votre vie en dépendait<Indent/>!"
64,80,False,0,3101,112423,318,"Simulation : La Promesse d'Éden - Nuée (sadique)","Pas de marchands mords ce coup-ci, mais une petite rumeur qui court depuis peu... Tes petites escapades dans Le Grand Vide sont terminées<Indent/>? Fé<SoftHyphen/>li<SoftHyphen/>ci<SoftHyphen/>ta<SoftHyphen/>tions pour cette belle réussite<Indent/>! Mais comme tu le sais, on n'est jamais trop prudent. Eh oui, j'ai préparé de nouveaux mannequins pour que toi et tes amis perdiez pas la main. N'hésitez pas à vous défouler dessus<Indent/>!"
65,80,False,0,3101,112424,319,"Simulation : La Promesse d'Éden - Litanie (sadique)","Pas de marchands mords ce coup-ci, mais une petite rumeur qui court depuis peu... Tes petites escapades dans Le Grand Vide sont terminées<Indent/>? Fé<SoftHyphen/>li<SoftHyphen/>ci<SoftHyphen/>ta<SoftHyphen/>tions pour cette belle réussite<Indent/>! Mais comme tu le sais, on n'est jamais trop prudent. Eh oui, j'ai préparé de nouveaux mannequins pour que toi et tes amis perdiez pas la main. N'hésitez pas à vous défouler dessus<Indent/>!"
66,80,False,0,3101,112425,320,"Simulation : La Promesse d'Éden - Anamorphose (sadique)","Pas de marchands mords ce coup-ci, mais une petite rumeur qui court depuis peu... Tes petites escapades dans Le Grand Vide sont terminées<Indent/>? Fé<SoftHyphen/>li<SoftHyphen/>ci<SoftHyphen/>ta<SoftHyphen/>tions pour cette belle réussite<Indent/>! Mais comme tu le sais, on n'est jamais trop prudent. Eh oui, j'ai préparé de nouveaux mannequins pour que toi et tes amis perdiez pas la main. N'hésitez pas à vous défouler dessus<Indent/>!"
67,80,False,0,3101,112426,321,"Simulation : La Promesse d'Éden - Éternité (sadique)","Pas de marchands mords ce coup-ci, mais une petite rumeur qui court depuis peu... Tes petites escapades dans Le Grand Vide sont terminées<Indent/>? Fé<SoftHyphen/>li<SoftHyphen/>ci<SoftHyphen/>ta<SoftHyphen/>tions pour cette belle réussite<Indent/>! Mais comme tu le sais, on n'est jamais trop prudent. Eh oui, j'ai préparé de nouveaux mannequins pour que toi et tes amis perdiez pas la main. N'hésitez pas à vous défouler dessus<Indent/>!"
68,80,False,0,3101,112434,322,"Simulation : Le Tillac des Cirrus (extrême)","Un nouveau rêve étrange s'est emparé de vous, où vous vous retrouviez face à face avec un géant tout de blanc immaculé. Sa simple vue évoquait chez vous une tristesse inifinie, un pincement indicible dans votre cœur. Quoi qu'il en soit, cette vision d'un combat aux proportions épiques s'est ancrée dans votre imagination et bénéficie grandement votre mannequin<Indent/>!"
69,90,False,0,3900,112459,400,"Simulation : Le Répons final","Vous avez repoussé l'apocalypse et sauvé chaque âme que notre planète abrite. Comment faire mieux que ça<Indent/>? En vous entraînant, pardi<Indent/>! Parce qu'il n'y a guère que vous pour surpasser un tel exploit<Indent/>!"
70,90,False,0,3900,112458,401,"Simulation : Le Cristal-mère (extrême)","Paraît-il que vous auriez relevé avec brio le défi de la Déesse de la Lumière, au cœur de la planète<Indent/>? J'ignore quelles épreuves fantastiques vous attendent encore, mais ce qui est sûr, c'est qu'il faut continuer à vous entraîner. Votre nouveau mannequin amélioré est là pour ça<Indent/>!"
71,90,False,0,3900,112457,402,"Simulation : Le Cratère des Martyrs (extrême)","Le plus ancien et le plus puissant des Primordiaux a été ramené à la vie, alors qu'il n'était encore qu'incomplet. Mais il n'a jamais été aussi proche de la perfection, et c'est avec ce concept en tête que votre mannequin a été modifié. Bonne chance<Indent/>!"
72,90,False,0,3900,112460,403,"Simulation : Les Limbes du Pandæmonium","Sur demande expresse du professeur Claudien, j'ai con<SoftHyphen/>fec<SoftHyphen/>tion<SoftHyphen/>né un nouveau mannequin d'en<SoftHyphen/>traî<SoftHyphen/>ne<SoftHyphen/>ment pour vous. Il devrait être parfait pour vous maintenir en forme pendant votre enquête dans le Pandæmonium, alors faites-en bon usage<Indent/>!"
73,90,False,0,3900,112461,404,"Simulation : Les Limbes - Parvis (sadique)","J'ai ouï dire que vous aviez affronté dans le Pandæmonium une sorte de demi-dieu appelé “hémithéos”. C'est difficile de se figurer un tel être pour le vulgus pecum... Je suis néanmoins parti du principe qu'il s'agissait d'un adversaire ex<SoftHyphen/>trê<SoftHyphen/>me<SoftHyphen/>ment redoutable pour fabriquer, entre autres, un mannequin à l'avenant. J'espère qu'il vous plaira<Indent/>!"
74,90,False,0,3900,112462,405,"Simulation : Les Limbes - Cloaque (sadique)","J'ai ouï dire que vous aviez affronté dans le Pandæmonium une sorte de demi-dieu appelé “hémithéos”. C'est difficile de se figurer un tel être pour le vulgus pecum... Je suis néanmoins parti du principe qu'il s'agissait d'un adversaire ex<SoftHyphen/>trê<SoftHyphen/>me<SoftHyphen/>ment redoutable pour fabriquer, entre autres, un mannequin à l'avenant. J'espère qu'il vous plaira<Indent/>!"
75,90,False,0,3900,112463,406,"Simulation : Les Limbes - Fournaise (sadique)","J'ai ouï dire que vous aviez affronté dans le Pandæmonium une sorte de demi-dieu appelé “hémithéos”. C'est difficile de se figurer un tel être pour le vulgus pecum... Je suis néanmoins parti du principe qu'il s'agissait d'un adversaire ex<SoftHyphen/>trê<SoftHyphen/>me<SoftHyphen/>ment redoutable pour fabriquer, entre autres, un mannequin à l'avenant. J'espère qu'il vous plaira<Indent/>!"
76,90,False,0,3900,112464,407,"Simulation : Les Limbes - Abîme (sadique)","J'ai ouï dire que vous aviez affronté dans le Pandæmonium une sorte de demi-dieu appelé “hémithéos”. C'est difficile de se figurer un tel être pour le vulgus pecum... Je suis néanmoins parti du principe qu'il s'agissait d'un adversaire ex<SoftHyphen/>trê<SoftHyphen/>me<SoftHyphen/>ment redoutable pour fabriquer, entre autres, un mannequin à l'avenant. J'espère qu'il vous plaira<Indent/>!"
77,60,True,160,2089,112477,99,"Simulation : niveau 60","Le ménestrel errant nous a demandé de bidouiller un mannequin spécial avec lequel les aventuriers pourraient s'entraîner comme à leurs débuts. Il faudra donner tout ce que vous avez sans avoir recours à vos techniques d'expert<If(PlayerParameter(4))>e<Else/></If><Indent/>!"
78,70,True,300,2628,112478,199,"Simulation : niveau 70","<If(PlayerParameter(4))>La libératrice<Else/>Le libérateur</If> en personne<Indent/>! Figure-toi qu'un étrange ménestrel errant m'a commandé un mannequin spécial. Contre lui, impossible d'utiliser des techniques qui dépassent une certaine compétence, comme si on redevenait un bleu<Indent/>! J'ai hâte que tu me dises ce que tu en penses<Indent/>!"
79,80,True,430,3101,112479,299,"Simulation : niveau 80","J'ai fait un rêve étrange l'autre jour... Une sorte de ménestrel errant me demandait de créer un mannequin spécial que tu pourrais affronter en retenant tes coups et sans utiliser tes meilleures techniques. Il disait que c'était pour <If(PlayerParameter(4))>la Guerrière<Else/>le Guerrier</If> des Ténèbres, alors à mon réveil, j'ai pas cherché à comprendre et je me suis mis au boulot<Indent/>!"
80,90,True,560,3900,112480,399,"Simulation : niveau 90","L'Ost rayonnant a reçu une commande de la part du ménestrel errant. Il voulait un mannequin spécial qui limite les compétences de celui ou celle qui s'entraîne contre lui. Il doit penser que ça servira à l'avenir... Bref, nous avons demandé de l'aide au Grand Œuvre, et il est maintenant prêt<Indent/>!"
81,90,False,0,3900,112476,408,"Simulation : Le Répons final (extrême)","L'apocalypse ne nous menace plus grâce à vous et le reste de vos compagnons. Quand on y pense, ça s'est joué de peu, tout de même. Vous imaginez si la chantre de l'ané<SoftHyphen/>an<SoftHyphen/>tis<SoftHyphen/>se<SoftHyphen/>ment avait été encore plus déprimée que ça<Indent/>? Comme on a du temps libre maintenant, je me suis permis de vous fabriquer un mannequin pour que vous vous donniez une idée<Indent/>!"
82,90,False,0,3900,112496,409,"Simulation : La Toison des tempêtes (extrême)","Nahbdeen m'a appris que vos nouvelles aventures se déroulaient dans le néant<Indent/>! Ça ne m'étonne pas de vous, en tout cas. Et puisque vous avez résolu de continuer à nous épater, nous vous avons concocté des retrouvailles avec une maîtresse du vent en bois plus agressive que jamais<Indent/>!"
83,90,False,0,3900,112497,410,"Simulation : Le Purgatoire du Pandæmonium","Des chercheurs sharlayanais m'ont fait savoir que vous alliez explorer une nouvelle section du Pandæmonium appelée le “Purgatoire”, et qu'il vous fallait donc un mannequin d'en<SoftHyphen/>traî<SoftHyphen/>ne<SoftHyphen/>ment au diapason de ses redoutables pensionnaires. Eh bien, le voici<Indent/>!"
84,90,False,0,3900,112498,411,"Simulation : Le Purgatoire - Cages (sadique)","On m'a raconté que vous aviez affronté des adversaires très différents au cours de votre exploration du Purgatoire, et notamment un individu capable de manipuler le vivant, à l'image d'un dieu. Je vous avoue que ça me dépasse un peu, mais j'ai tout de même fait mon possible pour vous con<SoftHyphen/>fec<SoftHyphen/>tion<SoftHyphen/>ner des mannequins d'en<SoftHyphen/>traî<SoftHyphen/>ne<SoftHyphen/>ment à la hauteur<Indent/>!"
85,90,False,0,3900,112499,412,"Simulation : Le Purgatoire - Croisements (sadique)","On m'a raconté que vous aviez affronté des adversaires très différents au cours de votre exploration du Purgatoire, et notamment un individu capable de manipuler le vivant, à l'image d'un dieu. Je vous avoue que ça me dépasse un peu, mais j'ai tout de même fait mon possible pour vous con<SoftHyphen/>fec<SoftHyphen/>tion<SoftHyphen/>ner des mannequins d'en<SoftHyphen/>traî<SoftHyphen/>ne<SoftHyphen/>ment à la hauteur<Indent/>!"
86,90,False,0,3900,112500,413,"Simulation : Le Purgatoire - Racines (sadique)","On m'a raconté que vous aviez affronté des adversaires très différents au cours de votre exploration du Purgatoire, et notamment un individu capable de manipuler le vivant, à l'image d'un dieu. Je vous avoue que ça me dépasse un peu, mais j'ai tout de même fait mon possible pour vous con<SoftHyphen/>fec<SoftHyphen/>tion<SoftHyphen/>ner des mannequins d'en<SoftHyphen/>traî<SoftHyphen/>ne<SoftHyphen/>ment à la hauteur<Indent/>!"
87,90,False,0,3900,112501,414,"Simulation : Le Purgatoire - Hérédité (sadique)","On m'a raconté que vous aviez affronté des adversaires très différents au cours de votre exploration du Purgatoire, et notamment un individu capable de manipuler le vivant, à l'image d'un dieu. Je vous avoue que ça me dépasse un peu, mais j'ai tout de même fait mon possible pour vous con<SoftHyphen/>fec<SoftHyphen/>tion<SoftHyphen/>ner des mannequins d'en<SoftHyphen/>traî<SoftHyphen/>ne<SoftHyphen/>ment à la hauteur<Indent/>!"
88,90,False,0,3900,112519,415,"Simulation : Le Mont du Supplice (extrême)","Nahbdeen, encore lui, m'a raconté que la boule de feu qui a fendu le ciel thavnairois il y a quelque temps était en réalité une redoutable créature du néant<Indent/>; créature que vous auriez terrassée au sommet du Khadga, au terme d'un combat absolument épique<Indent/>! Voilà qui valait bien un petit mannequin d'en<SoftHyphen/>traî<SoftHyphen/>ne<SoftHyphen/>ment, ou plutôt de re<SoftHyphen/>mer<SoftHyphen/>cie<SoftHyphen/>ment en l'occurrence<Indent/>!"
89,90,False,0,3900,112537,416,"Simulation : La Chaire de l'Exilée (extrême)","Encore et toujours Nahbdeen... Cette fois, il m'a raconté que vous aviez vaincu le maître de toutes les créatures du néant, au plus profond de son antre, en plus<Indent/>! Décidément, vos aventures défient l'imagination... Je me suis quand même essayé à fabriquer un nouveau mannequin, en espérant qu'il vous permette d'aller encore plus loin la prochaine fois<Indent/>!"
90,90,False,0,3900,112538,417,"Simulation : Le Paradis du Pandæmonium","Alors comme ça, une reproduction du Pandæmonium serait apparue en pleine mer des étoiles<Indent/>? J'ai du mal à y croire... mais je vous ai tout de même fabriqué un nouveau mannequin d'en<SoftHyphen/>traî<SoftHyphen/>ne<SoftHyphen/>ment au cas où. Exercez-vous avec, et vous serez <If(PlayerParameter(4))>parée<Else/>paré</If> à toute éventualité<Indent/>!"
91,90,False,0,3900,112539,418,"Simulation : Le Paradis - Métempsycose (sadique)","On rapporte que vous avez exploré le Pandæmonium et terrassé la maîtresse des lieux, préservant ainsi la mer des étoiles ainsi que le cycle de la vie. Encore un acte héroïque à mettre à votre actif<Indent/>! Tenez, servez-vous donc de ces mannequins pour vous entraîner, en attendant votre prochain exploit guerrier<Indent/>!"
92,90,False,0,3900,112540,419,"Simulation : Le Paradis - Monochrome (sadique)","On rapporte que vous avez exploré le Pandæmonium et terrassé la maîtresse des lieux, préservant ainsi la mer des étoiles ainsi que le cycle de la vie. Encore un acte héroïque à mettre à votre actif<Indent/>! Tenez, servez-vous donc de ces mannequins pour vous entraîner, en attendant votre prochain exploit guerrier<Indent/>!"
93,90,False,0,3900,112541,420,"Simulation : Le Paradis - Tribunal (sadique)","On rapporte que vous avez exploré le Pandæmonium et terrassé la maîtresse des lieux, préservant ainsi la mer des étoiles ainsi que le cycle de la vie. Encore un acte héroïque à mettre à votre actif<Indent/>! Tenez, servez-vous donc de ces mannequins pour vous entraîner, en attendant votre prochain exploit guerrier<Indent/>!"
94,90,False,0,3900,112542,421,"Simulation : Le Paradis - Apothéose (sadique)","On rapporte que vous avez exploré le Pandæmonium et terrassé la maîtresse des lieux, préservant ainsi la mer des étoiles ainsi que le cycle de la vie. Encore un acte héroïque à mettre à votre actif<Indent/>! Tenez, servez-vous donc de ces mannequins pour vous entraîner, en attendant votre prochain exploit guerrier<Indent/>!"
95,90,False,0,3900,112553,422,"Simulation : La Fracture abyssale (extrême)","Décidément, Nahbdeen est une vraie commère<Indent/>! Alors comme ça vous avez vaincu une créature du néant gigantesque qui se terrait dans les tréfonds de la lune du treizième reflet<Indent/>? C'est un combat interdimensionnel qui restera dans les annales<Indent/>! Pour marquer le coup, j'ai utilisé mes meilleurs bouts de bois pour vous con<SoftHyphen/>fec<SoftHyphen/>tion<SoftHyphen/>ner un mannequin pas piqué des hannetons... Vous m'en direz des nouvelles<Indent/>!"
96,100,False,0,4690,112577,500,"Simulation : Interphos","Mouhahaha<Indent/>! Alors comme ça, on est <If(PlayerParameter(4))>devenue la sauveuse<Else/>devenu le sauveur</If> de Solution Neuf, hein<Indent/>? Et mon petit doigt me dit que tu vas pas t'arrêter en si bon chemin... D'ailleurs, en parlant de chemin, tu risques bien de croiser des dangers plus grand encore sur la route de la cité d'or. Mais ne t'en fais pas, car je t'ai préparé un mannequin aux petits oignons grâce à la technologie de l'électrope<Indent/>! Tu m'en diras des nouvelles<Indent/>!"
97,100,False,0,4690,112576,501,"Simulation : Le Pinacle de l'Éternité (extrême)","Mouhahaha<Indent/>! C'est qu'il était pas commode du tout, ce Zoraal Ja, hein<Indent/>? J'ai pas raison<Indent/>? Qu'à cela ne tienne, je t'ai tout de même construit un mannequin à la hauteur de sa haine et de son mépris pour ses semblables. Mets-lui une bonne raclée pour lui faire comprendre, là où il se trouve, qu'on n'absorbe pas les âmes des êtres vivants sans demander leur permission, non mais<Indent/>!"
98,100,False,0,4690,112575,502,"Simulation : Worqor Lar Dor (extrême)","Mouhahaha<Indent/>! Les Tuliyollois racontent que sur leur continent a longtemps vécu un monstre surnommé la “calamité incarnée”. Pas de quoi te faire peur, j'en suis certaine, mais j'ai quand même construit un mannequin à la mesure de cette légende, afin que tu puisses parer à toute éventualité<Indent/>!"
99,100,False,0,4690,112578,503,"Simulation : Catégorie poids mi-lourds CCA","Mouhahaha<Indent/>! Alors comme ça, on participe à l'Arcadion, hein<Indent/>!? En apprenant ça, je ne pouvais pas rester les bras croisés et j'ai donc mis au point des mannequins pour que tu puisses t'exercer en vue de cette compétition<Indent/>!"
100,100,False,0,4690,112579,504,"Simulation : Poids mi-lourds CCA - match 1 (sadique)","Mouhahahahaha<Indent/>! Je ne peux plus m'arrêter de rire<Indent/>! J'imagine que je dois tout d'abord te féliciter d'être devenu<If(PlayerParameter(4))>e<Else/></If> <If(PlayerParameter(4))>la championne<Else/>le champion</If> des poids mi-lourds de l'Arcadion. Et je devine aussi que mes mannequins d'en<SoftHyphen/>traî<SoftHyphen/>ne<SoftHyphen/>ment sont désormais désuets... alors j'en ai préparé des plus costauds rien que pour toi<Indent/>! Défoule-toi bien<Indent/>!"
101,100,False,0,4690,112580,505,"Simulation : Poids mi-lourds CCA - match 2 (sadique)","Mouhahahahaha<Indent/>! Je ne peux plus m'arrêter de rire<Indent/>! J'imagine que je dois tout d'abord te féliciter d'être devenu<If(PlayerParameter(4))>e<Else/></If> <If(PlayerParameter(4))>la championne<Else/>le champion</If> des poids mi-lourds de l'Arcadion. Et je devine aussi que mes mannequins d'en<SoftHyphen/>traî<SoftHyphen/>ne<SoftHyphen/>ment sont désormais désuets... alors j'en ai préparé des plus costauds rien que pour toi<Indent/>! Défoule-toi bien<Indent/>!"
102,100,False,0,4690,112581,506,"Simulation : Poids mi-lourds CCA - match 3 (sadique)","Mouhahahahaha<Indent/>! Je ne peux plus m'arrêter de rire<Indent/>! J'imagine que je dois tout d'abord te féliciter d'être devenu<If(PlayerParameter(4))>e<Else/></If> <If(PlayerParameter(4))>la championne<Else/>le champion</If> des poids mi-lourds de l'Arcadion. Et je devine aussi que mes mannequins d'en<SoftHyphen/>traî<SoftHyphen/>ne<SoftHyphen/>ment sont désormais désuets... alors j'en ai préparé des plus costauds rien que pour toi<Indent/>! Défoule-toi bien<Indent/>!"
103,100,False,0,4690,112582,507,"Simulation : Poids mi-lourds CCA - match 4 (sadique)","Mouhahahahaha<Indent/>! Je ne peux plus m'arrêter de rire<Indent/>! J'imagine que je dois tout d'abord te féliciter d'être devenu<If(PlayerParameter(4))>e<Else/></If> <If(PlayerParameter(4))>la championne<Else/>le champion</If> des poids mi-lourds de l'Arcadion. Et je devine aussi que mes mannequins d'en<SoftHyphen/>traî<SoftHyphen/>ne<SoftHyphen/>ment sont désormais désuets... alors j'en ai préparé des plus costauds rien que pour toi<Indent/>! Défoule-toi bien<Indent/>!"
104,100,True,690,4690,112583,499,"Simulation : niveau 100","Un camarade d'Oblivion m'a demandé de préparer des mannequins tout spé<SoftHyphen/>cia<SoftHyphen/>le<SoftHyphen/>ment pour l'allié<If(PlayerParameter(4))>e<Else/></If> que tu es. Bien sûr, étant une prodige de la technologie de l'électrope, c'était du gâteau pour moi<Indent/>! Fais-moi plaisir et va te défouler dessus<Indent/>!"
105,100,False,0,4690,112589,508,"Simulation : Interphos (extrême)","Mouhahaha<Indent/>! Paraît que t'as vaincu l'ancienne reine d'Alexandrie, qu'était devenue une machine in<SoftHyphen/>con<SoftHyphen/>trô<SoftHyphen/>la<SoftHyphen/>ble pour protéger ses sujets morts mais vivants<Indent/>? Si par le plus grand des hasards tu devais te retrouver face au même adversaire devenu encore plus balèze, hésite pas à t'entraîner sur le mannequin que je t'ai préparé<Indent/>! En électrope, tout ça tout ça... Et bien sûr, défoule-toi bien<Indent/>!"
106,100,False,0,4690,112591,509,"Simulation : La Tour de Ténèbres (chaotique)","Mouhahaha<Indent/>! Ton copain aux cheveux de feu m'a raconté que t'avais vaincu le Nuage de Ténèbres dans son propre domaine<Indent/>! Forcément, j'ai ajusté mes mannequins pour que tu puisses t'entraîner à dissiper ce genre de nuages malodorants. Va donc leur coller un taquet, tu m'en diras des nouvelles<Indent/>!"
107,100,False,0,4690,112610,510,"Simulation : Le Sanctuaire du Serment (extrême)","Mouhahaha<Indent/>! Mes potes d'Oblivion m'ont raconté que tu avais déboulonné une réplique mécanique de Zelenia<Indent/>! Je me suis empressée de te préparer un mannequin aussi dur à cuire que la légendaire vice-capitaine de la garde royale d'Alexandrie. Comme d'habitude, défoule-toi bien<Indent/>!"
108,100,False,0,4690,112605,511,"Simulation : Catégorie poids lourds-légers CCA","Mouhahaha<Indent/>! Alors comme ça, on se lance dans la catégorie des poids lourds-légers, hein<Indent/>!? Un seul titre de champion<If(PlayerParameter(4))>ne<Else/></If> ne te suffit pas, alors tu vises plus haut<Indent/>? Évidemment, je ne pouvais pas rester les bras croisés, et j'ai ajusté le mannequin pour que tu puisses t'exercer dans la joie et la bonne humeur<Indent/>!"
109,100,False,0,4690,112606,512,"Simulation : Poids lourds-légers CCA - match 1 (sadique)","Mouhahahahaha<Indent/>! T'es pas croyable, ma foi<Indent/>! Qui aurait cru que tu arracherais le titre au champion, chapeau<Indent/>! Je vais en rester là avec les louanges, car je crois savoir ce qu'il te faut à présent<Indent/>: de nouveaux mannequins encore plus costauds<Indent/>! J'ai déjà pensé à tout, alors défoule-toi<Indent/>!"
110,100,False,0,4690,112607,513,"Simulation : Poids lourds-légers CCA - match 2 (sadique)","Mouhahahahaha<Indent/>! T'es pas croyable, ma foi<Indent/>! Qui aurait cru que tu arracherais le titre au champion, chapeau<Indent/>! Je vais en rester là avec les louanges, car je crois savoir ce qu'il te faut à présent<Indent/>: de nouveaux mannequins encore plus costauds<Indent/>! J'ai déjà pensé à tout, alors défoule-toi<Indent/>!"
111,100,False,0,4690,112608,514,"Simulation : Poids lourds-légers CCA - match 3 (sadique)","Mouhahahahaha<Indent/>! T'es pas croyable, ma foi<Indent/>! Qui aurait cru que tu arracherais le titre au champion, chapeau<Indent/>! Je vais en rester là avec les louanges, car je crois savoir ce qu'il te faut à présent<Indent/>: de nouveaux mannequins encore plus costauds<Indent/>! J'ai déjà pensé à tout, alors défoule-toi<Indent/>!"
112,100,False,0,4690,112609,515,"Simulation : Poids lourds-légers CCA - match 4 (sadique)","Mouhahahahaha<Indent/>! T'es pas croyable, ma foi<Indent/>! Qui aurait cru que tu arracherais le titre au champion, chapeau<Indent/>! Je vais en rester là avec les louanges, car je crois savoir ce qu'il te faut à présent<Indent/>: de nouveaux mannequins encore plus costauds<Indent/>! J'ai déjà pensé à tout, alors défoule-toi<Indent/>!"
113,100,False,0,4690,112630,516,"Simulation : La Nécropole intemporelle (extrême)","Mouhahahahaha<Indent/>! Les autres membres d'Oblivion m'ont tout raconté<Indent/>: ce psychopathe de Calyx a lâché sur toi un énorme monstre – la “peur de mourir incarnée” – et tu lui as fait sa fête<Indent/>! Un grand merci à toi d'avoir indirectement sauvé la vie de mes camarades. Tiens, j'ai fabriqué un mannequin d'en<SoftHyphen/>traî<SoftHyphen/>ne<SoftHyphen/>ment exprès pour que tu puisses garder la forme après ton exploit<Indent/>!"
114,100,False,0,4690,112632,517,"Simulation : Chasse à l'Arkveld Gardien (extrême)","Mouhahahahaha<Indent/>! L'autre jour, j'ai croisé une sorte de petit homme-bête inconnu au bataillon<Indent/>! Il m'a raconté que son <If(PlayerParameter(4))>amie chasseuse<Else/>ami chasseur</If> et lui avaient vaincu ensemble un monstre très puissant, l'“Arkveld Gardien” qu'il s'appelait...  Par conséquent, c'est pas le moment de rester les bras croisés<Indent/>! Le mannequin est déjà ajusté, tu peux donc te concentrer sur ton en<SoftHyphen/>traî<SoftHyphen/>ne<SoftHyphen/>ment<Indent/>!"
115,100,False,0,4690,112651,518,"Simulation : Le Convoi infernal (extrême)","Mouhahahahaha<Indent/>! J'ai cru comprendre que t'avais collé une raclée à un train blindé construit par les ingénieurs de Lindblum ! Son nom était... “Glace à la godasse”<Indent/>? Un truc dans le genre<Indent/>! En tout cas, triompher d'un tel engin qui semait la terreur depuis des siècles a de quoi impressionner n'importe qui ! Je t'ai donc préparé un mannequin d'en<SoftHyphen/>traî<SoftHyphen/>ne<SoftHyphen/>ment pour l'occasion, essaie-le quand tu veux !"
116,100,False,0,4690,112652,519,"Simulation : Catégorie poids lourds CCA","Mouhahaha<Indent/>! J'ai entendu dire que tu allais t'attaquer à la catégorie poids lourds de l'Arcadion<Indent/>! Méfie-toi, tes adversaires seront encore bien plus fourbes et redoutables qu'avant<Indent/>! Mais je sais que tu sauras triompher pour décrocher le titre de Champion céleste<Indent/>! J'ai bien évidemment ajusté le mannequin pour que tu puisses t'exercer con<SoftHyphen/>ve<SoftHyphen/>na<SoftHyphen/>ble<SoftHyphen/>ment<Indent/>!"
117,100,False,0,4690,112653,520,"Simulation : Poids lourds CCA - match 1 (sadique)","Mouhahahahaha<Indent/>! J'ai tout vu en direct<Indent/>! Qui aurait cru que le challenger sans régulateur puisse se hisser jusqu'en haut de la hiérarchie de l'Arcadion<Indent/>? Mais... je te connais bien, tu ne vas pas t'en contenter, pas vrai<Indent/>? Je sais qu'il t'en faut toujours plus, et j'ai déjà pensé à tout avec des mannequins vraiment costauds<Indent/>!"
118,100,False,0,4690,112654,521,"Simulation : Poids lourds CCA - match 2 (sadique)","Mouhahahahaha<Indent/>! J'ai tout vu en direct<Indent/>! Qui aurait cru que le challenger sans régulateur puisse se hisser jusqu'en haut de la hiérarchie de l'Arcadion<Indent/>? Mais... je te connais bien, tu ne vas pas t'en contenter, pas vrai<Indent/>? Je sais qu'il t'en faut toujours plus, et j'ai déjà pensé à tout avec des mannequins vraiment costauds<Indent/>!"
119,100,False,0,4690,112655,522,"Simulation : Poids lourds CCA - match 3 (sadique)","Mouhahahahaha<Indent/>! J'ai tout vu en direct<Indent/>! Qui aurait cru que le challenger sans régulateur puisse se hisser jusqu'en haut de la hiérarchie de l'Arcadion<Indent/>? Mais... je te connais bien, tu ne vas pas t'en contenter, pas vrai<Indent/>? Je sais qu'il t'en faut toujours plus, et j'ai déjà pensé à tout avec des mannequins vraiment costauds<Indent/>!"
120,100,False,0,4690,112656,523,"Simulation : Poids lourds CCA - match 4 (sadique)","Mouhahahahaha<Indent/>! J'ai tout vu en direct<Indent/>! Qui aurait cru que le challenger sans régulateur puisse se hisser jusqu'en haut de la hiérarchie de l'Arcadion<Indent/>? Mais... je te connais bien, tu ne vas pas t'en contenter, pas vrai<Indent/>? Je sais qu'il t'en faut toujours plus, et j'ai déjà pensé à tout avec des mannequins vraiment costauds<Indent/>!"
121,100,False,0,4690,112671,524,"Simulation : L'Anticréation (extrême)","Mouhahahahaha<Indent/>! Un petit oiseau m'a dit que tu avais vaincu une créature effroyable venue d'un autre monde ! Pas mal ! Bon, j'ai pas trop compris de quoi il s'agit, mais en tout cas, je suis contente que mes mannequins te servent à quelque chose ! Je vais t'en préparer d'autres qui seront encore meilleurs, faudrait pas que tes efforts soient <Emphasis>réduits à néant</Emphasis>, pas vrai ?<Indent/>... Quoi, j'ai dit un truc qu'il fallait pas ?"
