key,0,1,2,3,4,5,6,7,8,9,10,11,12,13,14,15,16,17,18,19,20,21,22,23,24,25,26,27,28,29,30,31,32,33,34,35,36,37
#,,,,,,,,,,,,,,,,,,,,,,,,,,,,,,,Talk[0],Talk[1],Talk[2],Talk[3],Talk[4],Talk[5],Talk[6],Talk[7]
int32,bit&01,bit&01,bit&01,bit&01,bit&01,byte,byte,byte,byte,byte,uint32,uint32,uint32,uint32,uint32,sbyte,sbyte,sbyte,sbyte,sbyte,sbyte,sbyte,sbyte,sbyte,sbyte,int32,int32,int32,int32,int32,str,str,str,str,str,str,str,str
0,False,False,False,False,False,0,0,0,0,0,0,0,0,0,0,0,0,0,0,0,0,0,0,0,0,0,0,0,0,0,"0","0","0","0","0","0","0","0"
1,False,False,False,False,False,2,0,0,0,0,0,0,0,0,0,0,0,0,0,0,0,0,0,0,0,3,4,0,0,0,"Salut<Indent/>! Tu veux un mandat<Indent/>?","Hum, tu débutes à peine, je me trompe<Indent/>? Reviens quand tu auras un peu plus d'expérience, d'accord<Indent/>?","Bon courage<Indent/>! J'espère que tout se passera bien.","Rien.","Voilà la récompense<Indent/>!","0","0","0"
2,False,False,False,False,False,2,2,2,2,2,0,0,0,0,0,0,0,0,0,0,0,0,0,0,0,1,1,1,1,1,"Bonjour. Souhaitez-vous obtenir un mandat<Indent/>? Je vais vous aider à trouver un travail qui corresponde à vos aptitudes.","Ici, nous proposons des mandats aux aventuriers rattachés à la guilde. Quand vous aurez assez d'expérience pour <Switch(IntegerParameter(1))><Case(1)>que T'mokkri</Case><Case(2)>que Gontrant</Case><Case(3)>qu'Eustace</Case></Switch> vous donne des au<SoftHyphen/>to<SoftHyphen/>ri<SoftHyphen/>sa<SoftHyphen/>tions, alors je vous trouverai du travail.","Tout est en règle, vous pouvez y aller. J'espère que la chance vous sourira.","Ici, nous proposons des mandats aux aventuriers rattachés à la guilde. Quand vous aurez assez d'expérience pour <Switch(IntegerParameter(1))><Case(1)>que T'mokkri</Case><Case(2)>que Gontrant</Case><Case(3)>qu'Eustace</Case></Switch> vous donne des au<SoftHyphen/>to<SoftHyphen/>ri<SoftHyphen/>sa<SoftHyphen/>tions, alors je vous trouverai du travail.","Vous avez terminé le travail sans encombres, à ce que je vois. J'ai bien fait de vous confier cette mission. Tenez, prenez votre récompense.","0","0","Vous avez abattu une créature dont la tête était mise à prix, vous dites<Indent/>!? Eh bien, ça alors... Bien sûr, cela mérite une récompense sup<SoftHyphen/>plé<SoftHyphen/>men<SoftHyphen/>tai<SoftHyphen/>re. Voilà<Indent/>!"
3,False,False,False,False,False,2,2,2,2,2,0,0,0,0,0,0,0,0,0,0,0,0,0,0,0,1,1,1,1,1,"Bonjour, nous émettons des mandats destinés aux aventuriers en fonction des tâches que l'on nous confie.","Vous cherchez du travail<Indent/>? Ici, nous proposons des mandats aux aventuriers rattachés à la guilde. Quand <Switch(IntegerParameter(1))><Case(1)>Baderon</Case><Case(2)>Miounne</Case><Case(3)>Momodi</Case></Switch> vous recommandera, je vous trouverai du travail.","Et voilà<Indent/>! Je vous souhaite bonne chance, à présent.","Vous cherchez du travail<Indent/>? Ici, nous proposons des mandats aux aventuriers rattachés à la guilde. Quand vous aurez suf<SoftHyphen/>fi<SoftHyphen/>sam<SoftHyphen/>ment progressé pour vaincre les monstres du coin, je vous trouverai du travail.","Vous venez rendre compte de votre mission, très bien. Voici votre récompense... Le client sera satisfait, c'est certain<Indent/>!","0","0","Vous avez abattu une créature dont la tête était mise à prix, vous dites<Indent/>? Mes félicitations<Indent/>! Tenez, voici la prime promise. En espérant que vous en ferez bon usage."
4,False,False,False,False,False,2,2,2,2,2,0,0,0,0,0,0,0,0,0,0,0,0,0,0,0,1,1,1,1,1,"Salut<Indent/>! Les mandats t'intéressent<Indent/>? Je peux te trouver des boulots in<SoftHyphen/>té<SoftHyphen/>res<SoftHyphen/>sants<Indent/>!","Je fais partie de la guilde des aventuriers, et je propose des mandats aux membres qui sont assez forts. Quand tu auras la re<SoftHyphen/>com<SoftHyphen/>man<SoftHyphen/>da<SoftHyphen/>tion de <Switch(IntegerParameter(1))><Case(1)>Baderon</Case><Case(2)>Miounne</Case><Case(3)>Momodi</Case></Switch>, je te trouverai quelque chose.","Bon courage. J'attendrai ton retour<Indent/>!","Je fais partie de la guilde des aventuriers, et je propose des mandats aux membres qui sont assez forts. Quand tu auras suf<SoftHyphen/>fi<SoftHyphen/>sam<SoftHyphen/>ment progressé pour vaincre les monstres du coin, je te trouverai quelque chose.","Ah, tu as déjà fini<Indent/>? Très bien, très bien, n'hésite pas à revenir quand tu auras du temps libre<Indent/>!","0","0","Quoi<Indent/>!? Tu as abattu un monstre dont la tête était mise à prix, tu dis<Indent/>? Mais c'est formidable<Indent/>! Tiens, tu as bien mérité ta récompense<Indent/>!"
5,False,False,False,False,False,2,2,2,2,2,0,0,0,0,0,0,0,0,0,0,0,0,0,0,0,1,1,1,1,1,"Bonjour, nous émettons des mandats destinés aux aventuriers en fonction des tâches qui nous parviennent des quatre coins de la forêt.","Vous êtes au guichet des mandats, où nous proposons aux aventuriers des tâches adaptées à leur capacités. Si <Switch(IntegerParameter(1))><Case(1)>Baderon</Case><Case(2)>Miounne</Case><Case(3)>Momodi</Case></Switch> vous recommande, je vous donnerai du travail avec joie.","Bon courage. J'attendrai votre retour<Indent/>!","Vous êtes au guichet des mandats, où nous proposons aux aventuriers des tâches adaptées à leurs capacités. Si <Switch(IntegerParameter(1))><Case(1)>Baderon</Case><Case(2)>Miounne</Case><Case(3)>Momodi</Case></Switch> vous recommande, je vous donnerai du travail avec joie.","Ah, vous avez rempli votre mission<Indent/>! Parfait, beau travail. Voici la récompense, comme promis.","0","0","Vous êtes venu<If(PlayerParameter(4))>e<Else/></If> à bout d'un monstre dont la tête était mise à prix<Indent/>!? Merci infiniment<Indent/>! Grâce à vous, la forêt de Sombrelinceul sera un peu moins dangereuse. Tenez, votre récompense..."
6,False,False,False,False,False,2,2,2,2,2,0,0,0,0,0,0,0,0,0,0,0,0,0,0,0,1,1,1,1,1,"Salut<Indent/>! Si tu cherches des mandats, tu es au bon endrrroit.","Ce que je fais ici<Indent/>? Eh bien, je propose des mandats aux aven<SoftHyphen/>tu<SoftHyphen/>rrriers rattachés à la guilde. Le travail ne manque pas en ce moment, d'ailleurs ton aide serait la bienvenue. Hélas, tu manques encore un peu d'expérience pour cela... Reviens me voir quand <Switch(IntegerParameter(1))><Case(1)>Baderon</Case><Case(2)>Miounne</Case><Case(3)>Momodi</Case></Switch> t'aurrra donné son aval et je m'occuperai de toi.","Bonne chance, et sois prrrudent<If(PlayerParameter(4))>e<Else/></If><Indent/>!","Ce que je fais ici<Indent/>? Eh bien, je propose des mandats aux aven<SoftHyphen/>tu<SoftHyphen/>rrriers rattachés à la guilde. Le travail ne manque pas en ce moment, d'ailleurs ton aide serait la bienvenue. Hélas, tu manques encore un peu d'expérience pour cela... Il faut que tu progresses encore et que tu deviennes suf<SoftHyphen/>fi<SoftHyphen/>sam<SoftHyphen/>ment fort<If(PlayerParameter(4))>e<Else/></If> pour abattre les monstres qui rôdent autourrr de Limsa Lominsa<Indent/>; sinon je ne donne pas cher de ta peau.","Tu as fini<Indent/>? Bien, bien, bien... Voilà ta récompense. Le client sera rrravi, j'en suis sûre<Indent/>!","0","0","Ça y est, tu as rempli ta mission<Indent/>? Quoi<Indent/>? Tu as abattu un monstre dont la tête était mise à prix<Indent/>!? Mais c'est forrrmidable<Indent/>! Tu mérites une récompense sup<SoftHyphen/>plé<SoftHyphen/>men<SoftHyphen/>tai<SoftHyphen/>re."
7,False,False,False,False,False,2,2,2,2,2,0,0,0,0,0,0,0,0,0,0,0,0,0,0,0,1,1,1,1,1,"<If(LessThan(PlayerParameter(11),12))><If(LessThan(PlayerParameter(11),4))>Bonsoir<Else/>Bonjour</If><Else/><If(LessThan(PlayerParameter(11),17))>Bonjour<Else/>Bonsoir</If></If>, mon ami<If(PlayerParameter(4))>e<Else/></If>. Je propose des mandats aux aventuriers en fonction des demandes qui nous parviennent à la guilde.","Ce que je fais ici<Indent/>? Eh bien, je propose des mandats aux aventuriers rattachés à la guilde. Le travail ne manque pas en ce moment, d'ailleurs votre aide serait la bienvenue. Hélas, vous manquez encore un peu d'expérience pour cela... Revenez me voir quand vous aurez l'au<SoftHyphen/>to<SoftHyphen/>ri<SoftHyphen/>sa<SoftHyphen/>tion de <Switch(IntegerParameter(1))><Case(1)>Baderon</Case><Case(2)>Miounne</Case><Case(3)>Momodi</Case></Switch> et je m'occuperai de vous.","Bonne chance, et que les Douze veillent sur vous...","Ce que je fais ici<Indent/>? Eh bien, je propose des mandats aux aventuriers rattachés à la guilde. Le travail ne manque pas en ce moment, d'ailleurs votre aide serait la bienvenue. Hélas, vous manquez encore un peu d'expérience pour cela... Il faut que vous progressiez encore et que vous deveniez suf<SoftHyphen/>fi<SoftHyphen/>sam<SoftHyphen/>ment fort<If(PlayerParameter(4))>e<Else/></If> pour abattre les monstres qui rôdent autour d'Ul'dah.","Ah, vous revoilà. Tout s'est bien passé, on dirait. Tenez, c'est votre récompense. Au plaisir de vous revoir<Indent/>!","0","0","Vous avez tué un monstre dont la tête était mise à prix<Indent/>!? Mes félicitations<Indent/>! J'imagine que ça n'a pas dû être chose aisée... Vous méritez bien une petite récompense sup<SoftHyphen/>plé<SoftHyphen/>men<SoftHyphen/>tai<SoftHyphen/>re<Indent/>!"
8,False,False,False,False,False,2,2,2,2,2,0,0,0,0,0,0,0,0,0,0,0,0,0,0,0,1,1,1,1,1,"<If(LessThan(PlayerParameter(11),12))><If(LessThan(PlayerParameter(11),4))>Bonsoir<Else/>Bonjour</If><Else/><If(LessThan(PlayerParameter(11),17))>Bonjour<Else/>Bonsoir</If></If> aventuri<If(PlayerParameter(4))>ère<Else/>er</If><Indent/>! Je suis Totonowa, le responsable des mandats de guilde à Horizon.","Vous cherchez du travail<Indent/>? Ça tombe bien, j'ai plusieurs mandats en réserve pour les aventuriers un peu rôdés. Autrement dit, je n'ai rien pour vous pour l'instant. Ha ha ha<Indent/>! Repassez me voir quand vous aurez la re<SoftHyphen/>com<SoftHyphen/>man<SoftHyphen/>da<SoftHyphen/>tion <Switch(IntegerParameter(1))><Case(1)>de T'mokkri</Case><Case(2)>de Gontrant</Case><Case(3)>d'Eustace</Case></Switch> et je trouverai de quoi vous occuper.","Bonne chance pour votre mandat<Indent/>! Je suis derrière vous.","Vous cherchez du travail<Indent/>? Ça tombe bien, j'ai plusieurs mandats en réserve pour les aventuriers un peu rôdés. Autrement dit, je n'ai rien pour vous pour l'instant. Ha ha ha<Indent/>!","Vous avez terminé le travail sans encombres, à ce que je vois. J'ai bien fait de vous confier cette mission. Tenez, voilà votre récompense.","0","0","Vous avez tué un monstre recherché, vous dites<Indent/>? Ouah... <If(PlayerParameter(4))>Mademoiselle<Else/>Monsieur</If>, je vous tire mon chapeau<Indent/>! Tenez, voilà de quoi remplir votre bourse<Indent/>!"
9,False,False,False,False,False,2,2,2,2,2,0,0,0,0,0,0,0,0,0,0,0,0,0,0,0,1,1,1,1,1,"Bien le <If(LessThan(PlayerParameter(11),12))><If(LessThan(PlayerParameter(11),4))>bonsoir<Else/>bonjour</If><Else/><If(LessThan(PlayerParameter(11),17))>bonjour<Else/>bonsoir</If></If> aventuri<If(PlayerParameter(4))>ère<Else/>er</If>. J'ai en ma possession divers mandats de guilde, que je pourrai vous confier si vous êtes intéressé<If(PlayerParameter(4))>e<Else/></If>.","Il y a toujours du travail pour les aventuriers qualifiés au camp des Os desséchés. D'ailleurs votre aide serait la bienvenue. Hélas, vous manquez encore un peu d'expérience pour cela... Revenez me voir quand vous aurez l'au<SoftHyphen/>to<SoftHyphen/>ri<SoftHyphen/>sa<SoftHyphen/>tion de <Switch(IntegerParameter(1))><Case(1)>Baderon</Case><Case(2)>Miounne</Case><Case(3)>Momodi</Case></Switch> et je m'occuperai de vous. ","Allez-y, le temps presse<Indent/>!","Il y a toujours du travail pour les aventuriers qualifiés au camp des Os desséchés. D'ailleurs votre aide serait la bienvenue. Hélas, vous confier des missions aujourd'hui serait vous envoyer au casse-pipe et je ne veux pas avoir votre mort sur la conscience, voyez-vous<Indent/>? Revenez me voir quand vous aurez pris un peu de bouteille.","Vous avez réussi le mandat<Indent/>? Superbe<Indent/>! Je savais bien que vous alliez réussir. Tenez, voici la récompense que vous méritez.","0","0","Vous avez réussi le mandat... et vous avez abattu un monstre recherché<Indent/>!? Mais c'est fantastique<Indent/>! Tenez, voici la récompense que vous méritez."
10,False,False,False,False,False,2,2,2,2,2,0,0,0,0,0,0,0,0,0,0,0,0,0,0,0,1,1,1,1,1,"<If(LessThan(PlayerParameter(11),12))><If(LessThan(PlayerParameter(11),4))>Bonsoir<Else/>Bonjour</If><Else/><If(LessThan(PlayerParameter(11),17))>Bonjour<Else/>Bonsoir</If></If>. Je suis Swygskyf, de la guilde des aventuriers. Je me charge des mandats du Martinet, le hameau le plus triste d'Éorzéa...","Le Martinet est une colonie qui a été créée après les tragiques événements d'il y a cinq ans. Comme tu peux le remarquer, nous avons beaucoup de choses à faire ici, et ton aide sera donc très appréciée. Mais avant ça, tu vas devoir obtenir une permission auprès <Switch(IntegerParameter(1))><Case(1)>de T'mokkri</Case><Case(2)>de Gontrant</Case><Case(3)>d'Eustace</Case></Switch>. Avec les créatures qui rôdent autour du hameau, nous préfèrons éviter de faire travailler les aventuriers novices.","Bon courage<Indent/>! Et que Llymlaen veille sur toi.","Le Martinet est une colonie qui a été créée après les tragiques événements d'il y a cinq ans. Comme tu peux le remarquer, nous avons beaucoup de choses à faire ici, et ton aide sera donc très appréciée. Mais avant ça, tu vas devoir t'endurcir un peu. Avec les créatures qui rôdent autour du hameau, nous préfèrons éviter de faire travailler les aventuriers novices.","On dirait que tu as réussi ce mandat sans encombre. Tiens, voici la récompense qui t'est due.","0","0","Non seulement tu as réussi ce mandat sans encombre, mais en plus tu as abattu une créature dont la tête était mise à prix<Indent/>!? C'est ce qui s'appelle faire d'une pierre deux coups<Indent/>! Bravo, tu as bien mérité ta récompense<Indent/>!"
11,False,False,False,False,False,2,2,2,2,2,0,0,0,0,0,0,0,0,0,0,0,0,0,0,0,1,1,1,1,1,"Salut <If(PlayerParameter(4))>ma<Else/>mon</If> gaillard<If(PlayerParameter(4))>e<Else/></If>. Si tu es venu<If(PlayerParameter(4))>e<Else/></If> pour accomplir des mandats de guilde, tu t'es adressé<If(PlayerParameter(4))>e<Else/></If> à la bonne personne.","Port-aux-Ales est un important lieu d'échanges commerciaux, ce n'est donc pas le travail qui manque ici. J'ai d'ailleurs plusieurs offres qui pourraient t'intéresser, malheureusement je ne suis pas autorisé à proposer des mandats aux aventuriers qui n'ont pas été recommandés par <Switch(IntegerParameter(1))><Case(1)>Baderon</Case><Case(2)>Miounne</Case><Case(3)>Momodi</Case></Switch>.","Bon courage pour ton mandat. Moi, je vais en profiter pour me désaltérer avec quelques chopines pendant que tu te décarcasses. Hé hé hé<Indent/>!","Port-aux-Ales est un important lieu d'échanges commerciaux, ce n'est donc pas le travail qui manque ici. J'ai d'ailleurs plusieurs offres qui pourraient t'intéresser... malheureusement, je ne suis pas autorisé à proposer des mandats aux aventuriers débutants. Poursuis ton en<SoftHyphen/>traî<SoftHyphen/>ne<SoftHyphen/>ment et reviens me voir quand tu auras acquis un peu plus d'expérience.","On dirait que tu as réussi le mandat que je t'ai confié. Tiens, voilà ta récompense.","0","0","Alors comme ça, il paraît que tu as abattu une créature recherchée<Indent/>? C'est une excellente nouvelle<Indent/>! Tiens, j'ai ajouté un petit bonus à ta récompense, en guise de re<SoftHyphen/>mer<SoftHyphen/>cie<SoftHyphen/>ment."
12,False,False,False,False,False,2,2,2,2,2,0,0,0,0,0,0,0,0,0,0,0,0,0,0,0,1,1,1,1,1,"Eh, salut<Indent/>! T'as pas l'air com<SoftHyphen/>plè<SoftHyphen/>te<SoftHyphen/>ment bon<If(PlayerParameter(4))>ne<Else/></If> à rien. Ça te dirait de gagner un peu d'argent avec un mandat<Indent/>? Je te trouverai quelque chose à ta portée.","Je fais partie de la guilde des aventuriers, figure-toi, et je propose des mandats aux aventuriers un peu rodés... mais pas aux bleus de ton genre. Reviens quand t'auras la re<SoftHyphen/>com<SoftHyphen/>man<SoftHyphen/>da<SoftHyphen/>tion de <Switch(IntegerParameter(1))><Case(1)>Baderon</Case><Case(2)>Miounne</Case><Case(3)>Momodi</Case></Switch>, je te trouverai quelque chose... si t'es sage<Indent/>!","Bon courage à toi. Me déçois pas, surtout<Indent/>!","Je fais partie de la guilde des aventuriers, figure-toi, et je propose des mandats aux aventuriers un peu rodés... mais pas aux bleus de ton genre. Reviens quand t'auras la re<SoftHyphen/>com<SoftHyphen/>man<SoftHyphen/>da<SoftHyphen/>tion de <Switch(IntegerParameter(1))><Case(1)>Baderon</Case><Case(2)>Miounne</Case><Case(3)>Momodi</Case></Switch>, je te trouverai quelque chose... si t'es sage<Indent/>!","Je vois que t'as réussi ton coup. Bien joué... Tiens, voilà ta récompense<Indent/>!","0","0","Quoi<Indent/>? Non seulement t'as accompli le mandat, mais en plus t'as abattu un monstre recherché<Indent/>!? Alors là, je suis sur le cul<Indent/>! Oups<Indent/>! ça m'a échappé... Tiens, voilà ta récompense, et la prime qui va avec."
13,False,False,False,False,False,2,2,2,2,2,0,0,0,0,0,0,0,0,0,0,0,0,0,0,0,1,1,1,1,1,"<If(LessThan(PlayerParameter(11),12))><If(LessThan(PlayerParameter(11),4))>Bonsoir<Else/>Bonjour</If><Else/><If(LessThan(PlayerParameter(11),17))>Bonjour<Else/>Bonsoir</If></If> aventuri<If(PlayerParameter(4))>ère<Else/>er</If>. Vous cherchez du travail<Indent/>? J'ai ce qu'il vous faut<Indent/>!","Vous cherchez du travail<Indent/>? Je peux ef<SoftHyphen/>fec<SoftHyphen/>ti<SoftHyphen/>ve<SoftHyphen/>ment vous proposer les mandats des environs, mais vous devez d'abord obtenir la permission auprès de <Switch(IntegerParameter(1))><Case(1)>Baderon</Case><Case(2)>Miounne</Case><Case(3)>Momodi</Case></Switch>. Continuez à venir en aide aux autres et vos efforts finiront par être récompensés, foi d'Esmond<Indent/>!","Bonne chance à vous, aventuri<If(PlayerParameter(4))>ère<Else/>er</If>.","Vous cherchez du travail<Indent/>? Je peux ef<SoftHyphen/>fec<SoftHyphen/>ti<SoftHyphen/>ve<SoftHyphen/>ment vous proposer les mandats des environs, mais vous devez d'abord progresser pour cela.","Ça va<Indent/>? Vous semblez éprouvé<If(PlayerParameter(4))>e<Else/></If>... Tenez, cette récompense devrait vous redonner du baume au cœur. N'hésitez pas à venir me trouver si vous désirez travailler davantage, votre aide sera toujours la bienvenue à Petite Ala Mhigo.","0","0","Bravo, c'est l'excellent travail<Indent/>! Les habitants du hameau seront cer<SoftHyphen/>tai<SoftHyphen/>ne<SoftHyphen/>ment ravis d'apprendre que cette créature est désormais hors d'état de nuire. Tenez, voici votre récompense ainsi que la prime de tête<Indent/>!"
14,False,False,False,False,False,2,2,2,2,2,0,0,0,0,0,0,0,0,0,0,0,0,0,0,0,1,1,1,1,1,"Je suis Aileen, responsable des mandats de guilde à Port-aux-Vins.","Mon rôle est de confier les requêtes des habitants du coin aux aventuriers de passage. Ah, je vois que tu es intéressé<If(PlayerParameter(4))>e<Else/></If><Indent/>? Dans ce cas, tu vas d'abord devoir obtenir une re<SoftHyphen/>com<SoftHyphen/>man<SoftHyphen/>da<SoftHyphen/>tion de la part de <Switch(IntegerParameter(1))><Case(1)>Baderon</Case><Case(2)>Miounne</Case><Case(3)>Momodi</Case></Switch>.","Je te souhaite de réussir, aventuri<If(PlayerParameter(4))>ère<Else/>er</If>.","Mon rôle est de confier les requêtes des habitants du coin aux aventuriers de passage. Ah, je vois que tu es intéressé<If(PlayerParameter(4))>e<Else/></If><Indent/>? Mal<SoftHyphen/>heu<SoftHyphen/>reu<SoftHyphen/>se<SoftHyphen/>ment, tu ne serais pas à la hauteur. Je te conseille d'aller t'entraîner avant de revenir me parler.","Ah, te revoilà. On dirait que tout s'est passé comme prévu. Tiens, voici la récompense qui t'est due.","0","0","Oh, tu as aussi réussi à abattre une créature recherchée<Indent/>? Dans ce cas, je me dois de te remettre la compensation prévue. Fé<SoftHyphen/>li<SoftHyphen/>ci<SoftHyphen/>ta<SoftHyphen/>tions<Indent/>!"
15,False,False,False,False,False,2,2,2,2,2,0,0,0,0,0,0,0,0,0,0,0,0,0,0,0,1,1,1,1,1,"Bien le <If(LessThan(PlayerParameter(11),12))><If(LessThan(PlayerParameter(11),4))>bonsoir<Else/>bonjour</If><Else/><If(LessThan(PlayerParameter(11),17))>bonjour<Else/>bonsoir</If></If>, aventuri<If(PlayerParameter(4))>ère<Else/>er</If>. C'est moi qui m'occupe des mandats, à l'Observatoire.","Vous cherchez du travail, n'est-ce pas<Indent/>? Vous vous adressez à la bonne personne, mais je ne peux malheureusement pas vous en confier tant que vous n'avez pas de re<SoftHyphen/>com<SoftHyphen/>man<SoftHyphen/>da<SoftHyphen/>tion de <Switch(IntegerParameter(1))><Case(1)>Baderon</Case><Case(2)>Miounne</Case><Case(3)>Momodi</Case></Switch>.","J'espère vous voir revenir de votre mission sain<If(PlayerParameter(4))>e et sauve<Else/> et sauf</If>, aventuri<If(PlayerParameter(4))>ère<Else/>er</If>.","Vous cherchez du travail, n'est-ce pas<Indent/>? Vous vous adressez à la bonne personne, mais je ne peux malheureusement pas vous en confier pour le moment. Allez donc vous entraîner avant de revenir me parler.","Je n'ai jamais douté que vous réussiriez. Veuillez accepter cette récompense de la part du client.","0","0","Mais je vois que vous avez également abattu une créature recherchée<Indent/>! Prenez aussi ce supplément, je vous prie. "
16,False,False,False,False,False,2,2,2,2,2,0,0,0,0,0,0,0,0,0,0,0,0,0,0,0,1,1,1,1,1,"La guilde des aventuriers m'a envoyé au poste de L'Arête blanche pour m'occuper des mandats de guilde.","C'est un bon moyen de vous enrichir en aidant les habitants, vous savez<Indent/>? En revanche, je dois vous demander d'obtenir une re<SoftHyphen/>com<SoftHyphen/>man<SoftHyphen/>da<SoftHyphen/>tion de la part de <Switch(IntegerParameter(1))><Case(1)>Baderon</Case><Case(2)>Miounne</Case><Case(3)>Momodi</Case></Switch> avant de pouvoir vous confier du travail. Question de confiance, tout simplement.","Restez sur vos gardes, et tout devrait bien se passer. Que la Déesse Halone veille sur vous.","C'est un bon moyen de vous enrichir en aidant les habitants, vous savez<Indent/>? En revanche, je dois vous demander d'acquérir davantage d'expérience avant de vous confier du travail. Question de confiance, tout simplement.","Je n'en attendais pas moins d'un<If(PlayerParameter(4))>e aventurière<Else/> aventurier</If> comme vous. C'est notre client qui va être content<Indent/>! Tenez, votre récompense.","0","0","Et ce n'est pas tout<Indent/>! Comme vous avez abattu une créature recherchée, vous avez également droit à ce supplément. Fé<SoftHyphen/>li<SoftHyphen/>ci<SoftHyphen/>ta<SoftHyphen/>tions<Indent/>!"
17,False,False,False,False,False,2,2,2,2,2,0,0,0,0,0,0,0,0,0,0,0,0,0,0,0,1,1,1,1,1,"Vous avez l'air de quelqu'un qui a vu des aventures. Que diriez-vous d'accomplir quelques mandats de guilde<Indent/>?","Je suis Merthelin de la guilde des aventuriers. Je suis chargé de proposer des mandats à ceux qui ont prouvé leur valeur à <Switch(IntegerParameter(1))><Case(1)>Baderon</Case><Case(2)>Miounne</Case><Case(3)>Momodi</Case></Switch>... ce que vous n'avez pas encore fait.","Préparez-vous rapidement et accomplissez la tâche. Le client attend la nouvelle de votre succès avec impatience.","Je suis Merthelin de la guilde des aventuriers. Je suis chargé de proposer des mandats à ceux capables d'affronter les créatures des environs... ce qui n'est pas votre cas.","Votre travail aujourd'hui a été excellent. Je vais vous récompenser im<SoftHyphen/>mé<SoftHyphen/>dia<SoftHyphen/>te<SoftHyphen/>ment.","0","0","Votre travail aujourd'hui a été excellent<Indent/>! Non seulement vous avez accompli le mandat comme convenu, mais en plus, vous avez abattu une créature qui avait une prime sur sa tête. Vous méritez une récompense à la hauteur de vos efforts<Indent/>!"
18,False,False,False,False,False,2,2,2,2,2,0,0,0,0,0,0,0,0,0,0,0,0,0,0,0,1,1,1,1,1,"Au camp de Brumebleue, le responsable des mandats, c'est moi<Indent/>!","Tu cherches quelque chose à faire, pas vrai<Indent/>? Désolé, mais je ne peux pas te confier de mandat tant que tu n'as pas obtenu la re<SoftHyphen/>com<SoftHyphen/>man<SoftHyphen/>da<SoftHyphen/>tion de <Switch(IntegerParameter(1))><Case(1)>Baderon</Case><Case(2)>Miounne</Case><Case(3)>Momodi</Case></Switch>. C'est du travail sérieux, tu comprends<Indent/>?","Bon, tout m'a l'air en ordre... C'est à toi de jouer, maintenant<Indent/>!","Tu cherches quelque chose à faire, pas vrai<Indent/>? Désolé, mais je ne peux pas te confier de mandat pour le moment. Tu dois t'aguerrir davantage<Indent/>! C'est du travail sérieux, tu comprends<Indent/>?","Tu as brillament rempli ta mission. Je vais te récompenser sans plus attendre.","0","0","Oh, attends un peu... Tu as carrément réussi à abattre une créature recherchée<Indent/>!? Ça alors<Indent/>! Tiens, voilà la paye qui correspond. Et merci encore<Indent/>!"
19,False,False,False,False,False,2,2,2,2,2,0,0,0,0,0,0,0,0,0,0,0,0,0,0,0,1,1,1,1,1,"Bien le <If(LessThan(PlayerParameter(11),12))><If(LessThan(PlayerParameter(11),4))>bonsoir<Else/>bonjour</If><Else/><If(LessThan(PlayerParameter(11),17))>bonjour<Else/>bonsoir</If></If> aventuri<If(PlayerParameter(4))>ère<Else/>er</If>. J'ai en ma possession divers mandats de guilde, que je pourrai vous proposer si vous êtes intéressé<If(PlayerParameter(4))>e<Else/></If>.","Pardon<Indent/>? Vous cherchez du travail, vous dites<Indent/>? Hmm... Je vous aurais bien proposé des mandats de guilde, mais vous n'avez pas encore prouvé votre valeur à <Switch(IntegerParameter(1))><Case(1)>Baderon</Case><Case(2)>Miounne</Case><Case(3)>Momodi</Case></Switch>... Revenez me voir plus tard.","Tout est en règle, vous pouvez y aller. J'espère que la chance vous sourira.","Pardon<Indent/>? Vous cherchez du travail, vous dites<Indent/>? Je suis désolée, mais je ne suis pas autorisée à proposer des mandats aux aventuriers débutants. Revenez me voir quand vous serez capable de tuer autre chose que des marmottes et des musaraignes.","Vous avez accompli la mission sans encombres, à ce que je vois. J'ai bien fait de vous confier ce mandat. Tenez, voilà votre récompense.","0","0","J'ai eu vent de vos exploits. Alors comme ça vous êtes venu<If(PlayerParameter(4))>e<Else/></If> à bout d'une créature dont la tête était mise à prix<Indent/>? Bravo<Indent/>! Vous pouvez être fi<If(PlayerParameter(4))>ère<Else/>er</If> de vous. J'ai ajouté la prime à la récompense initiale. Tenez..."
20,False,False,False,False,False,2,2,2,2,2,0,0,0,0,0,0,0,0,0,0,0,0,0,0,0,1,1,1,1,1,"Salut <If(PlayerParameter(4))>ma grande<Else/>bonhomme</If>. Si tu cherches à accomplir des mandats de guilde, tu t'es adressé<If(PlayerParameter(4))>e<Else/></If> à la bonne personne.","Quoi<Indent/>? Tu cherches du travail<Indent/>? J'aurais bien quelques mandats de guilde à te proposer, malheureusement j'ai pas le droit de donner du boulot aux aventuriers qui ont pas été recommandés par <Switch(IntegerParameter(1))><Case(1)>Baderon</Case><Case(2)>Miounne</Case><Case(3)>Momodi</Case></Switch>.","Bon courage pour ton mandat, et tâche de revenir en un seul morceau.","Quoi<Indent/>? Tu cherches du travail<Indent/>? Désolé, <If(PlayerParameter(4))>ma grande<Else/>mon grand</If>, mais si tu veux que je te propose des mandats de guilde, il va falloir t'améliorer un peu... Parce que là, même la palefrenière à côté de moi pourrait te botter le cul<Indent/>!","On dirait que t'as réussi le mandat que je t'ai confié. Tout travail mérite salaire. Voilà donc ta récompense.","0","0","Quoi<Indent/>? T'as tué une créature recherchée, tu dis<Indent/>!? C'est fantastique<Indent/>! Les habitants de la métairie seront ravis d'apprendre la nouvelle. Tiens, j'ai ajouté un petit bonus à ta récompense, en guise de re<SoftHyphen/>mer<SoftHyphen/>cie<SoftHyphen/>ment."
21,False,False,False,False,False,2,2,2,2,2,0,0,0,0,0,0,0,0,0,0,0,0,0,0,0,1,1,1,1,1,"<If(LessThan(PlayerParameter(11),12))><If(LessThan(PlayerParameter(11),4))>Bonsoir<Else/>Bonjour</If><Else/><If(LessThan(PlayerParameter(11),17))>Bonjour<Else/>Bonsoir</If></If> aventuri<If(PlayerParameter(4))>ère<Else/>er</If>. Est-ce que vous êtes en quête de travail<Indent/>? Si c'est le cas, il se peut que j'aie de quoi vous occuper.","Je suis chargé de gérer les mandats de guilde à Costa del Sol. J'imagine que vous savez de quoi il s'agit, je ne vais donc pas entrer dans les détails. Sachez toutefois que je ne peux pas donner de travail aux aventuriers qui n'ont pas obtenu de re<SoftHyphen/>com<SoftHyphen/>man<SoftHyphen/>da<SoftHyphen/>tion de la part de <Switch(IntegerParameter(1))><Case(1)>Baderon</Case><Case(2)>Miounne</Case><Case(3)>Momodi</Case></Switch>. Eh oui, c'est comme ça...","Bon courage<Indent/>! Je compte sur vous<Indent/>!","Je suis chargé gérer les mandats de guilde à Costa del Sol. J'imagine que vous savez de quoi il s'agit, je ne vais donc pas entrer dans les détails. Sachez toutefois que je ne peux pas donner de travail aux aventuriers qui ne sont pas suf<SoftHyphen/>fi<SoftHyphen/>sam<SoftHyphen/>ment puissants pour tuer les monstres qui rôdent autour du camp. Eh oui, c'est comme ça...","Vous avez accompli le mandat<Indent/>? Splendide<Indent/>! Je savais bien que vous en étiez capable. Tenez, voici la récompense qui vous est due.","0","0","Vous êtes venu<If(PlayerParameter(4))>e<Else/></If> à bout d'une créature recherchée, vous dites<Indent/>!? Alors ça, pour une nouvelle, c'est une excellente nouvelle<Indent/>! Le seigneur Gegeruju sera ravi d'entendre ça. Tenez, voici votre récompense et la prime de tête qui va avec."
22,False,False,False,False,False,2,2,2,2,2,0,0,0,0,0,0,0,0,0,0,0,0,0,0,0,1,1,1,1,1,"Mon petit doigt me dit que tu cherches quelque chose pour t'occuper. Figure-toi que je suis justement ici pour donner du travail aux aventuriers désœuvrés, comme toi.","Mon nom est Ourawann. Je suis chargé d'attribuer des mandats de guilde pour le chantier naval de Moraby. Tu sais sans doute de quoi il s'agit, et je ne vais donc pas me lancer dans de longues ex<SoftHyphen/>pli<SoftHyphen/>ca<SoftHyphen/>tions. Sache toutefois que je ne peux pas donner de travail aux aventuriers qui n'ont pas obtenu de re<SoftHyphen/>com<SoftHyphen/>man<SoftHyphen/>da<SoftHyphen/>tion de la part de <Switch(IntegerParameter(1))><Case(1)>Baderon</Case><Case(2)>Miounne</Case><Case(3)>Momodi</Case></Switch>. Me regarde pas comme ça, c'est pas moi qui décide des règles<Indent/>!","Prépare-toi bien avant de lancer le mandat. C'est que je ne veux pas non plus t'envoyer au casse-pipe.","Mon nom est Ourawann. Je suis chargé d'attribuer des mandats de guilde pour le chantier naval de Moraby. Tu sais sans doute de quoi il s'agit, et je ne vais donc pas me lancer dans de longues ex<SoftHyphen/>pli<SoftHyphen/>ca<SoftHyphen/>tions. Sache toutefois que je ne peux pas donner de travail aux aventuriers qui ne sont pas suf<SoftHyphen/>fi<SoftHyphen/>sam<SoftHyphen/>ment aguerris pour tuer les monstres qui rôdent autour du chantier naval. Me regarde pas comme ça, c'est pas moi qui décide des règles<Indent/>!","Tu as accompli le mandat que je t'avais confié<Indent/>? Très bien. Voici la récompense qui va avec.","0","0","Non seulement tu as réussi le mandat que je t'ai confié, mais en plus tu es venu<If(PlayerParameter(4))>e<Else/></If> à bout d'une créature recherchée... Chapeau<Indent/>! On peut dif<SoftHyphen/>fi<SoftHyphen/>ci<SoftHyphen/>le<SoftHyphen/>ment faire mieux, je crois. Voilà ta récompense, et la prime de tête qui va avec. Fais-en bon usage<Indent/>!"
23,False,False,False,False,False,2,2,2,2,2,0,0,0,0,0,0,0,0,0,0,0,0,0,0,0,1,1,1,1,1,"Salut à toi, aventurrri<If(PlayerParameter(4))>ère<Else/>er</If>. J'ai été envoyée ici pour distribuer les mandats de guilde.","Tiens, tu ne chercherais pas du trrravail, par hasard<Indent/>? Je pourrais t'en confier, mais tu vas d'abord devoir obtenir la re<SoftHyphen/>com<SoftHyphen/>man<SoftHyphen/>da<SoftHyphen/>tion de <Switch(IntegerParameter(1))><Case(1)>Baderon</Case><Case(2)>Miounne</Case><Case(3)>Momodi</Case></Switch>. La guilde des aventuriers ne peut pas faire confiance <If(PlayerParameter(4))>à la première venue<Else/>au premier venu</If>, tu comprends<Indent/>?","Bon courrrage<Indent/>! Je vais prier pour ton retour en un seul morceau, héhé.","Tiens, tu ne chercherais pas du trrravail, par hasard<Indent/>? Je pourrais t'en confier, mais tu vas d'abord devoir t'entraîner davantage. La guilde des aventuriers ne peut pas faire confiance <If(PlayerParameter(4))>à la première venue<Else/>au premier venu</If>, tu comprends<Indent/>?","Ah, je suis heurrreuse de te revoir<Indent/>! Notre client sera cer<SoftHyphen/>tai<SoftHyphen/>ne<SoftHyphen/>ment ravi de ta performance. Tiens, voilà ta paye.","0","0","Incroyable<Indent/>! Tu as même réussi à abattre une créature recherchée<Indent/>! Dans ce cas, tu as bien mérité cette récompense sup<SoftHyphen/>plé<SoftHyphen/>men<SoftHyphen/>tai<SoftHyphen/>re. Brrravo<Indent/>!"
24,False,False,False,False,False,2,2,2,2,2,0,0,0,0,0,0,0,0,0,0,0,0,0,0,0,1,1,1,1,1,"Mon nom est Eugene. Je suis chargé d'attribuer des mandats de grande compagnie pour le Maelstrom.","Vous voulez que je vous propose des mandats de grande compagnie<Indent/>? Je suis désolé, mais je ne suis pas autorisé à confier des missions aux aventuriers qui n'ont pas encore accompli un seul mandat de guilde.","Vous avez vos ordres, <If(GreaterThan(PlayerParameter(52),0))><If(PlayerParameter(4))><Sheet(GCRankLimsaFemaleText,PlayerParameter(52),0)/><Else/><Sheet(GCRankLimsaMaleText,PlayerParameter(52),0)/></If><Else/><If(GreaterThan(PlayerParameter(53),0))><If(PlayerParameter(4))><Sheet(GCRankGridaniaFemaleText,PlayerParameter(53),0)/><Else/><Sheet(GCRankGridaniaMaleText,PlayerParameter(53),0)/></If><Else/><If(GreaterThan(PlayerParameter(54),0))><If(PlayerParameter(4))><Sheet(GCRankUldahFemaleText,PlayerParameter(54),0)/><Else/><Sheet(GCRankUldahMaleText,PlayerParameter(54),0)/></If><Else/></If></If></If>. Que les Douze veillent sur vous<Indent/>!","Vous voulez que je vous propose des mandats de grande compagnie<Indent/>? Je suis désolé, mais je ne suis pas autorisé à confier des missions aux aventuriers qui n'ont pas encore accompli un seul mandat de guilde.","Bravo, <If(GreaterThan(PlayerParameter(52),0))><If(PlayerParameter(4))><Sheet(GCRankLimsaFemaleText,PlayerParameter(52),0)/><Else/><Sheet(GCRankLimsaMaleText,PlayerParameter(52),0)/></If><Else/><If(GreaterThan(PlayerParameter(53),0))><If(PlayerParameter(4))><Sheet(GCRankGridaniaFemaleText,PlayerParameter(53),0)/><Else/><Sheet(GCRankGridaniaMaleText,PlayerParameter(53),0)/></If><Else/><If(GreaterThan(PlayerParameter(54),0))><If(PlayerParameter(4))><Sheet(GCRankUldahFemaleText,PlayerParameter(54),0)/><Else/><Sheet(GCRankUldahMaleText,PlayerParameter(54),0)/></If><Else/></If></If></If>, vous avez fait du bon boulot<Indent/>! Voici vos sceaux, comme convenu.","Vous voulez que je vous propose des mandats de grande compagnie<Indent/>? Je suis désolé, mais je ne suis pas autorisé à confier des missions aux aventuriers qui n'appartiennent ni au Maelstrom, ni à l'ordre des Deux Vipères, ni aux Immortels. Inutile de discuter<Indent/>!","0","0"
25,False,False,False,False,False,2,2,2,2,2,0,0,0,0,0,0,0,0,0,0,0,0,0,0,0,1,1,1,1,1,"Mon nom est C'lafumyn. Je suis chargée de distribuer des mandats de grrrande compagnie pour le Maelstrom.","Vous voulez que je vous propose des mandats de grrrande compagnie<Indent/>? Je suis désolée, mais je ne suis pas autorisée à confier des missions aux aventuriers qui n'ont pas encore accompli un seul mandat de guilde.","Vous avez vos orrrdres, <If(GreaterThan(PlayerParameter(52),0))><If(PlayerParameter(4))><Sheet(GCRankLimsaFemaleText,PlayerParameter(52),0)/><Else/><Sheet(GCRankLimsaMaleText,PlayerParameter(52),0)/></If><Else/><If(GreaterThan(PlayerParameter(53),0))><If(PlayerParameter(4))><Sheet(GCRankGridaniaFemaleText,PlayerParameter(53),0)/><Else/><Sheet(GCRankGridaniaMaleText,PlayerParameter(53),0)/></If><Else/><If(GreaterThan(PlayerParameter(54),0))><If(PlayerParameter(4))><Sheet(GCRankUldahFemaleText,PlayerParameter(54),0)/><Else/><Sheet(GCRankUldahMaleText,PlayerParameter(54),0)/></If><Else/></If></If></If>. Que Llymlaen vous garde<Indent/>!","Vous voulez que je vous propose des mandats de grrrande compagnie<Indent/>? Je suis désolée, mais je ne suis pas autorisée à confier des missions aux aventuriers qui n'ont pas encore accompli un seul mandat de guilde.","Bravo, <If(GreaterThan(PlayerParameter(52),0))><If(PlayerParameter(4))><Sheet(GCRankLimsaFemaleText,PlayerParameter(52),0)/><Else/><Sheet(GCRankLimsaMaleText,PlayerParameter(52),0)/></If><Else/><If(GreaterThan(PlayerParameter(53),0))><If(PlayerParameter(4))><Sheet(GCRankGridaniaFemaleText,PlayerParameter(53),0)/><Else/><Sheet(GCRankGridaniaMaleText,PlayerParameter(53),0)/></If><Else/><If(GreaterThan(PlayerParameter(54),0))><If(PlayerParameter(4))><Sheet(GCRankUldahFemaleText,PlayerParameter(54),0)/><Else/><Sheet(GCRankUldahMaleText,PlayerParameter(54),0)/></If><Else/></If></If></If>, vous avez fait du bon trrravail<Indent/>! Voilà vos sceaux.","Vous voulez que je vous prrropose des mandats de grande compagnie<Indent/>? Je suis désolée, mais je ne suis pas autorisée à confier des missions aux aventuriers qui n'appartiennent ni au Maelstrom, ni à l'orrrdre des Deux Vipères, ni aux Immortels.","Vous voulez que je vous propose des mandats de grrrande compagnie<Indent/>? Je suis désolée, mais je ne suis pas autorisée à confier des missions aux recrues qui n'ont pas au moins le grrrade d'adjudant.","0"
26,False,False,False,False,False,2,2,2,2,2,0,0,0,0,0,0,0,0,0,0,0,0,0,0,0,1,1,1,1,1,"Mon nom est Cedrepierre. Je suis chargé de gérer des mandats de grande compagnie pour l'ordre des Deux Vipères.","Vous voulez que je vous propose des mandats de grande compagnie<Indent/>? Je suis désolé, mais je ne suis pas autorisé à confier des missions aux aventuriers qui n'ont pas encore accompli un seul mandat de guilde. C'est la règle.","Vous avez vos ordres, <If(GreaterThan(PlayerParameter(52),0))><If(PlayerParameter(4))><Sheet(GCRankLimsaFemaleText,PlayerParameter(52),0)/><Else/><Sheet(GCRankLimsaMaleText,PlayerParameter(52),0)/></If><Else/><If(GreaterThan(PlayerParameter(53),0))><If(PlayerParameter(4))><Sheet(GCRankGridaniaFemaleText,PlayerParameter(53),0)/><Else/><Sheet(GCRankGridaniaMaleText,PlayerParameter(53),0)/></If><Else/><If(GreaterThan(PlayerParameter(54),0))><If(PlayerParameter(4))><Sheet(GCRankUldahFemaleText,PlayerParameter(54),0)/><Else/><Sheet(GCRankUldahMaleText,PlayerParameter(54),0)/></If><Else/></If></If></If>. Et que Nophica veille sur vous<Indent/>!","Vous voulez que je vous propose des mandats de grande compagnie<Indent/>? Je suis désolé, mais je ne suis pas autorisé à confier des missions aux aventuriers qui n'ont pas encore accompli un seul mandat de guilde. C'est la règle.","Bravo, <If(GreaterThan(PlayerParameter(52),0))><If(PlayerParameter(4))><Sheet(GCRankLimsaFemaleText,PlayerParameter(52),0)/><Else/><Sheet(GCRankLimsaMaleText,PlayerParameter(52),0)/></If><Else/><If(GreaterThan(PlayerParameter(53),0))><If(PlayerParameter(4))><Sheet(GCRankGridaniaFemaleText,PlayerParameter(53),0)/><Else/><Sheet(GCRankGridaniaMaleText,PlayerParameter(53),0)/></If><Else/><If(GreaterThan(PlayerParameter(54),0))><If(PlayerParameter(4))><Sheet(GCRankUldahFemaleText,PlayerParameter(54),0)/><Else/><Sheet(GCRankUldahMaleText,PlayerParameter(54),0)/></If><Else/></If></If></If>, vous avez fait du bon travail<Indent/>! Voici vos sceaux, comme convenu.","Vous voulez que je vous propose des mandats de grande compagnie<Indent/>? Je suis désolé, mais je ne suis pas autorisé à confier des missions aux aventuriers qui ne sont pas enrôlés dans l'un des trois corps de l'Alliance éorzéenne.","0","0"
27,False,False,False,False,False,2,2,2,2,2,0,0,0,0,0,0,0,0,0,0,0,0,0,0,0,1,1,1,1,1,"Mon nom est H'amneko. Je suis chargée d'attribuer des mandats de grrrande compagnie pour l'ordre des Deux Vipères.","Vous voulez que je vous propose des mandats de grrrande compagnie<Indent/>? Je suis désolée, mais je ne suis pas autorisée à confier des missions aux aventuriers qui n'ont pas encore accompli un seul mandat de guilde.","Vous avez vos orrrdres, <If(GreaterThan(PlayerParameter(52),0))><If(PlayerParameter(4))><Sheet(GCRankLimsaFemaleText,PlayerParameter(52),0)/><Else/><Sheet(GCRankLimsaMaleText,PlayerParameter(52),0)/></If><Else/><If(GreaterThan(PlayerParameter(53),0))><If(PlayerParameter(4))><Sheet(GCRankGridaniaFemaleText,PlayerParameter(53),0)/><Else/><Sheet(GCRankGridaniaMaleText,PlayerParameter(53),0)/></If><Else/><If(GreaterThan(PlayerParameter(54),0))><If(PlayerParameter(4))><Sheet(GCRankUldahFemaleText,PlayerParameter(54),0)/><Else/><Sheet(GCRankUldahMaleText,PlayerParameter(54),0)/></If><Else/></If></If></If>. Et que Nophica veille sur vous<Indent/>!","Vous voulez que je vous propose des mandats de grrrande compagnie<Indent/>? Je suis désolée, mais je ne suis pas autorisée à confier des missions aux aventuriers qui n'ont pas encore accompli un seul mandat de guilde.","Bravo, <If(GreaterThan(PlayerParameter(52),0))><If(PlayerParameter(4))><Sheet(GCRankLimsaFemaleText,PlayerParameter(52),0)/><Else/><Sheet(GCRankLimsaMaleText,PlayerParameter(52),0)/></If><Else/><If(GreaterThan(PlayerParameter(53),0))><If(PlayerParameter(4))><Sheet(GCRankGridaniaFemaleText,PlayerParameter(53),0)/><Else/><Sheet(GCRankGridaniaMaleText,PlayerParameter(53),0)/></If><Else/><If(GreaterThan(PlayerParameter(54),0))><If(PlayerParameter(4))><Sheet(GCRankUldahFemaleText,PlayerParameter(54),0)/><Else/><Sheet(GCRankUldahMaleText,PlayerParameter(54),0)/></If><Else/></If></If></If>, vous avez fait du bon trrravail<Indent/>! Voici vos sceaux, comme convenu.","Vous voulez que je vous prrropose des mandats de grande compagnie<Indent/>? Je suis désolée, mais je ne suis pas autorisée à confier des missions aux aventuriers qui ne sont pas enrôlés dans l'un des trois corrrps de l'Alliance éorzéenne.","Vous voulez que je vous propose des mandats de grrrande compagnie<Indent/>? Je suis désolée, mais je ne suis pas autorisée à confier des missions aux recrues qui n'ont pas au moins le grrrade d'adjudant.","0"
28,False,False,False,False,False,2,2,2,2,2,0,0,0,0,0,0,0,0,0,0,0,0,0,0,0,1,1,1,1,1,"Mon nom est Kikiri. Je suis chargée de distribuer des mandats de grande compagnie pour les Immortels.","Vous voulez que je vous propose des mandats de grande compagnie<Indent/>? Je suis désolée, mais je ne suis pas autorisée à confier des missions aux aventuriers qui n'ont pas encore accompli un seul mandat de guilde.","Vous avez vos ordres, <If(GreaterThan(PlayerParameter(52),0))><If(PlayerParameter(4))><Sheet(GCRankLimsaFemaleText,PlayerParameter(52),0)/><Else/><Sheet(GCRankLimsaMaleText,PlayerParameter(52),0)/></If><Else/><If(GreaterThan(PlayerParameter(53),0))><If(PlayerParameter(4))><Sheet(GCRankGridaniaFemaleText,PlayerParameter(53),0)/><Else/><Sheet(GCRankGridaniaMaleText,PlayerParameter(53),0)/></If><Else/><If(GreaterThan(PlayerParameter(54),0))><If(PlayerParameter(4))><Sheet(GCRankUldahFemaleText,PlayerParameter(54),0)/><Else/><Sheet(GCRankUldahMaleText,PlayerParameter(54),0)/></If><Else/></If></If></If>. Que le Cristal vous montre la voie<Indent/>!","Vous voulez que je vous propose des mandats de grande compagnie<Indent/>? Je suis désolée, mais je ne suis pas autorisée à confier des missions aux aventuriers qui n'ont pas encore accompli un seul mandat de guilde. Il va falloir vous y faire.","Fé<SoftHyphen/>li<SoftHyphen/>ci<SoftHyphen/>ta<SoftHyphen/>tions, <If(GreaterThan(PlayerParameter(52),0))><If(PlayerParameter(4))><Sheet(GCRankLimsaFemaleText,PlayerParameter(52),0)/><Else/><Sheet(GCRankLimsaMaleText,PlayerParameter(52),0)/></If><Else/><If(GreaterThan(PlayerParameter(53),0))><If(PlayerParameter(4))><Sheet(GCRankGridaniaFemaleText,PlayerParameter(53),0)/><Else/><Sheet(GCRankGridaniaMaleText,PlayerParameter(53),0)/></If><Else/><If(GreaterThan(PlayerParameter(54),0))><If(PlayerParameter(4))><Sheet(GCRankUldahFemaleText,PlayerParameter(54),0)/><Else/><Sheet(GCRankUldahMaleText,PlayerParameter(54),0)/></If><Else/></If></If></If>, c'est du bon travail<Indent/>! Voilà vos sceaux de compagnie.","Vous voulez que je vous propose des mandats de grande compagnie<Indent/>? Je suis désolée, mais je ne suis pas autorisée à confier des missions aux aventuriers qui n'ont pas encore prêté allégeance à l'une des trois or<SoftHyphen/>ga<SoftHyphen/>ni<SoftHyphen/>sa<SoftHyphen/>tions de l'Alliance éorzéenne.","0","0"
29,False,False,False,False,False,2,2,2,2,2,0,0,0,0,0,0,0,0,0,0,0,0,0,0,0,1,1,1,1,1,"Mon nom est Blue Herring. Je suis chargée de gérer des mandats de grande compagnie pour les Immortels.","Vous voulez que je vous propose des mandats de grande compagnie<Indent/>? Je suis désolée, mais je ne suis pas autorisée à confier des missions aux aventuriers qui n'ont pas encore accompli un seul mandat de guilde.","Vous avez vos ordres, <If(GreaterThan(PlayerParameter(52),0))><If(PlayerParameter(4))><Sheet(GCRankLimsaFemaleText,PlayerParameter(52),0)/><Else/><Sheet(GCRankLimsaMaleText,PlayerParameter(52),0)/></If><Else/><If(GreaterThan(PlayerParameter(53),0))><If(PlayerParameter(4))><Sheet(GCRankGridaniaFemaleText,PlayerParameter(53),0)/><Else/><Sheet(GCRankGridaniaMaleText,PlayerParameter(53),0)/></If><Else/><If(GreaterThan(PlayerParameter(54),0))><If(PlayerParameter(4))><Sheet(GCRankUldahFemaleText,PlayerParameter(54),0)/><Else/><Sheet(GCRankUldahMaleText,PlayerParameter(54),0)/></If><Else/></If></If></If>. Que les Douze vous protègent<Indent/>!","Vous voulez que je vous propose des mandats de grande compagnie<Indent/>? Je suis désolée, mais je ne suis pas autorisée à confier des missions aux aventuriers qui n'ont pas encore accompli un seul mandat de guilde.","Mes félicitations, <If(GreaterThan(PlayerParameter(52),0))><If(PlayerParameter(4))><Sheet(GCRankLimsaFemaleText,PlayerParameter(52),0)/><Else/><Sheet(GCRankLimsaMaleText,PlayerParameter(52),0)/></If><Else/><If(GreaterThan(PlayerParameter(53),0))><If(PlayerParameter(4))><Sheet(GCRankGridaniaFemaleText,PlayerParameter(53),0)/><Else/><Sheet(GCRankGridaniaMaleText,PlayerParameter(53),0)/></If><Else/><If(GreaterThan(PlayerParameter(54),0))><If(PlayerParameter(4))><Sheet(GCRankUldahFemaleText,PlayerParameter(54),0)/><Else/><Sheet(GCRankUldahMaleText,PlayerParameter(54),0)/></If><Else/></If></If></If>, vous avez fait du bon travail<Indent/>! Prenez vos sceaux de compagnie.","Vous voulez que je vous propose des mandats de grande compagnie<Indent/>? Je suis désolée, mais je ne suis pas autorisée à confier des missions aux aventuriers qui n'ont pas encore prêté allégeance à l'une des trois or<SoftHyphen/>ga<SoftHyphen/>ni<SoftHyphen/>sa<SoftHyphen/>tions de l'Alliance éorzéenne.","Vous voulez que je vous propose des mandats de grande compagnie<Indent/>? Je suis désolée, mais je ne suis pas autorisée à confier des missions aux recrues qui n'ont pas au moins le grade d'adjudant. Demandez une promotion et revenez me voir<Indent/>!","0"
30,False,False,False,False,False,2,2,2,2,2,0,0,0,0,0,0,0,0,0,0,0,0,0,0,0,1,1,1,1,1,"Mon nom est Haisie. Je suis chargée de gérer des mandats de grande compagnie pour l'ordre des Deux Vipères.","Vous voulez que je vous propose des mandats de grande compagnie<Indent/>? Je suis désolée, mais je ne suis pas autorisée à confier des missions aux aventuriers qui n'ont pas encore accompli un seul mandat de guilde.","Vous avez vos ordres, <If(GreaterThan(PlayerParameter(52),0))><If(PlayerParameter(4))><Sheet(GCRankLimsaFemaleText,PlayerParameter(52),0)/><Else/><Sheet(GCRankLimsaMaleText,PlayerParameter(52),0)/></If><Else/><If(GreaterThan(PlayerParameter(53),0))><If(PlayerParameter(4))><Sheet(GCRankGridaniaFemaleText,PlayerParameter(53),0)/><Else/><Sheet(GCRankGridaniaMaleText,PlayerParameter(53),0)/></If><Else/><If(GreaterThan(PlayerParameter(54),0))><If(PlayerParameter(4))><Sheet(GCRankUldahFemaleText,PlayerParameter(54),0)/><Else/><Sheet(GCRankUldahMaleText,PlayerParameter(54),0)/></If><Else/></If></If></If>. Que les Douze vous protègent<Indent/>!","Vous voulez que je vous propose des mandats de grande compagnie<Indent/>? Je suis désolée, mais je ne suis pas autorisée à confier des missions aux aventuriers débutants. Vous allez devoir vous entraîner davantage<Indent/>!","Mes félicitations, <If(GreaterThan(PlayerParameter(52),0))><If(PlayerParameter(4))><Sheet(GCRankLimsaFemaleText,PlayerParameter(52),0)/><Else/><Sheet(GCRankLimsaMaleText,PlayerParameter(52),0)/></If><Else/><If(GreaterThan(PlayerParameter(53),0))><If(PlayerParameter(4))><Sheet(GCRankGridaniaFemaleText,PlayerParameter(53),0)/><Else/><Sheet(GCRankGridaniaMaleText,PlayerParameter(53),0)/></If><Else/><If(GreaterThan(PlayerParameter(54),0))><If(PlayerParameter(4))><Sheet(GCRankUldahFemaleText,PlayerParameter(54),0)/><Else/><Sheet(GCRankUldahMaleText,PlayerParameter(54),0)/></If><Else/></If></If></If>, vous avez fait du bon travail<Indent/>! Prenez vos sceaux de compagnie.","Vous voulez que je vous propose des mandats de grande compagnie<Indent/>? Je suis désolée, mais je ne suis pas autorisée à confier des missions aux aventuriers qui n'ont pas encore prêté allégeance à l'une des trois or<SoftHyphen/>ga<SoftHyphen/>ni<SoftHyphen/>sa<SoftHyphen/>tions de l'Alliance éorzéenne.","Vous voulez que je vous propose des mandats de grande compagnie<Indent/>? Je suis désolée, mais je ne suis pas autorisée à confier des missions aux recrues qui n'ont pas au moins le grade d'adjudant. Demandez une promotion et revenez me voir<Indent/>!","0"
31,False,False,False,False,False,2,2,2,2,2,0,0,0,0,0,0,0,0,0,0,0,0,0,0,0,1,1,1,1,1,"Mon nom est Lodille. Je suis chargée de gérer des mandats de grande compagnie pour l'ordre des Deux Vipères.","Vous voulez que je vous propose des mandats de grande compagnie<Indent/>? Je suis désolée, mais je ne suis pas autorisée à confier des missions aux aventuriers qui n'ont pas encore accompli un seul mandat de guilde.","Vous avez vos ordres, <If(GreaterThan(PlayerParameter(52),0))><If(PlayerParameter(4))><Sheet(GCRankLimsaFemaleText,PlayerParameter(52),0)/><Else/><Sheet(GCRankLimsaMaleText,PlayerParameter(52),0)/></If><Else/><If(GreaterThan(PlayerParameter(53),0))><If(PlayerParameter(4))><Sheet(GCRankGridaniaFemaleText,PlayerParameter(53),0)/><Else/><Sheet(GCRankGridaniaMaleText,PlayerParameter(53),0)/></If><Else/><If(GreaterThan(PlayerParameter(54),0))><If(PlayerParameter(4))><Sheet(GCRankUldahFemaleText,PlayerParameter(54),0)/><Else/><Sheet(GCRankUldahMaleText,PlayerParameter(54),0)/></If><Else/></If></If></If>. Que Nophica soit avec vous<Indent/>!","Vous voulez que je vous propose des mandats de grande compagnie<Indent/>? Je suis désolée, mais je ne suis pas autorisée à confier des missions aux aventuriers trop peu aguerris. L'Arête blanche est une région dangereuse, voyez-vous.","Mes félicitations, <If(GreaterThan(PlayerParameter(52),0))><If(PlayerParameter(4))><Sheet(GCRankLimsaFemaleText,PlayerParameter(52),0)/><Else/><Sheet(GCRankLimsaMaleText,PlayerParameter(52),0)/></If><Else/><If(GreaterThan(PlayerParameter(53),0))><If(PlayerParameter(4))><Sheet(GCRankGridaniaFemaleText,PlayerParameter(53),0)/><Else/><Sheet(GCRankGridaniaMaleText,PlayerParameter(53),0)/></If><Else/><If(GreaterThan(PlayerParameter(54),0))><If(PlayerParameter(4))><Sheet(GCRankUldahFemaleText,PlayerParameter(54),0)/><Else/><Sheet(GCRankUldahMaleText,PlayerParameter(54),0)/></If><Else/></If></If></If>, vous avez fait du bon travail<Indent/>! Prenez vos sceaux de compagnie.","Vous voulez que je vous propose des mandats de grande compagnie<Indent/>? Je suis désolée, mais je ne suis pas autorisée à confier des missions aux aventuriers qui n'ont pas encore prêté allégeance à l'une des trois or<SoftHyphen/>ga<SoftHyphen/>ni<SoftHyphen/>sa<SoftHyphen/>tions de l'Alliance éorzéenne.","Vous voulez que je vous propose des mandats de grande compagnie<Indent/>? Je suis désolée, mais je ne suis pas autorisée à confier des missions aux recrues qui n'ont pas au moins le grade d'adjudant. Demandez une promotion et revenez me voir<Indent/>!","0"
32,False,False,False,False,False,2,2,2,2,2,0,0,0,0,0,0,0,0,0,0,0,0,0,0,0,1,1,1,1,1,"Mon nom est Eidhart. Je suis chargé de gérer les mandats de grande compagnie pour les Immortels.","Tu veux que je te propose des mandats de grande compagnie<Indent/>? Désolé, mais je peux pas confier des missions aux aventuriers qui ont pas encore accompli un seul mandat de guilde.","Tu as tes ordres, <If(GreaterThan(PlayerParameter(52),0))><If(PlayerParameter(4))><Sheet(GCRankLimsaFemaleText,PlayerParameter(52),0)/><Else/><Sheet(GCRankLimsaMaleText,PlayerParameter(52),0)/></If><Else/><If(GreaterThan(PlayerParameter(53),0))><If(PlayerParameter(4))><Sheet(GCRankGridaniaFemaleText,PlayerParameter(53),0)/><Else/><Sheet(GCRankGridaniaMaleText,PlayerParameter(53),0)/></If><Else/><If(GreaterThan(PlayerParameter(54),0))><If(PlayerParameter(4))><Sheet(GCRankUldahFemaleText,PlayerParameter(54),0)/><Else/><Sheet(GCRankUldahMaleText,PlayerParameter(54),0)/></If><Else/></If></If></If>. Tâche de rester en vie<Indent/>!","Tu veux que je te propose des mandats de grande compagnie<Indent/>? Désolé, mais je peux pas confier des missions aux débutants dans ton genre. Va donc t'entraîner un peu<Indent/>!","Fé<SoftHyphen/>li<SoftHyphen/>ci<SoftHyphen/>ta<SoftHyphen/>tions, <If(GreaterThan(PlayerParameter(52),0))><If(PlayerParameter(4))><Sheet(GCRankLimsaFemaleText,PlayerParameter(52),0)/><Else/><Sheet(GCRankLimsaMaleText,PlayerParameter(52),0)/></If><Else/><If(GreaterThan(PlayerParameter(53),0))><If(PlayerParameter(4))><Sheet(GCRankGridaniaFemaleText,PlayerParameter(53),0)/><Else/><Sheet(GCRankGridaniaMaleText,PlayerParameter(53),0)/></If><Else/><If(GreaterThan(PlayerParameter(54),0))><If(PlayerParameter(4))><Sheet(GCRankUldahFemaleText,PlayerParameter(54),0)/><Else/><Sheet(GCRankUldahMaleText,PlayerParameter(54),0)/></If><Else/></If></If></If>, tu as fait du bon travail<Indent/>! Prends tes sceaux de compagnie.","Tu veux que je te propose des mandats de grande compagnie<Indent/>? Désolé, mais je peux pas confier des missions aux aventuriers qui ont pas encore prêté allégeance à une des trois or<SoftHyphen/>ga<SoftHyphen/>ni<SoftHyphen/>sa<SoftHyphen/>tions de l'Alliance éorzéenne.","Tu veux que je te propose des mandats de grande compagnie<Indent/>? Désolé, mais je peux pas confier des missions aux recrues qui ont pas au moins le grade de major. Demande une promotion et reviens me voir<Indent/>!","0"
33,False,False,False,False,False,2,2,2,2,2,0,0,0,0,0,0,0,0,0,0,0,0,0,0,0,1,1,1,1,1,"<If(LessThan(PlayerParameter(11),12))><If(LessThan(PlayerParameter(11),4))>Bonsoir<Else/>Bonjour</If><Else/><If(LessThan(PlayerParameter(11),17))>Bonjour<Else/>Bonsoir</If></If> aventuri<If(PlayerParameter(4))>ère<Else/>er</If>, je suis le chevalier Eloin des templiers. Par ordre du capitaine général, j'ai été chargé de gérer les mandats ishgardais.","Il s'agit de missions destinés aux gens qui ont démontré leurs capacités et leur valeur, mais je crains que vous ne soyez pas encore prêt<If(PlayerParameter(4))>e<Else/></If> pour cela...","Je vous souhaite bon courage, et que Hamone veille sur vous<Indent/>!","J'aimerais pouvoir vous confier une de nos missions, mais je crains que vous n'ayez pas encore fait vos preuves...","Je confirme, vous avez réussi la mission qui vous avait été confiée. Tenez, voici votre récompense<Indent/>!","0","0","Je constate que vous avez également abattu un ennemi dont nous autres templiers avions mis la tête à prix. Dans ce cas, je vais augmenter votre récompense comme il se doit<Indent/>!"
34,False,False,False,False,False,2,2,2,2,2,0,0,0,0,0,0,0,0,0,0,0,0,0,0,0,1,1,1,1,1,"La guilde des aventuriers cherche à élargir sa zone d'activité. C'est pour ça qu'elle a décidé d'ouvrir un comptoir pour les mandats ici même à Kugane<Indent/>!","Nous recherchons ac<SoftHyphen/>tu<SoftHyphen/>el<SoftHyphen/>le<SoftHyphen/>ment des artisans compétents pour nous aider.","Ça se passe bien avec les mandats<Indent/>? J'imagine que ça ne doit pas être toujours très facile, mais je suis sûr que vous vous en sortez à merveille<Indent/>!","Nous avons vraiment besoin d'artisans compétents pour nous aider.","Vous avez fait un travail remarquable... Voilà la récompense<Indent/>!","0","0","0"
35,False,False,False,False,False,2,0,2,0,2,0,0,0,0,0,0,0,0,0,0,0,0,0,0,0,1,1,1,1,1,"La halle du Juste a besoin d'artisans talentueux prêts à relever toutes sortes de défis<Indent/>! Ça vous dirait de prendre un mandat en charge, <If(PlayerParameter(4))>voyageuse<Else/>voyageur</If><Indent/>?","Quelqu'un serait-il intéressé par un mandat<Indent/>? N'hésitez pas à demander, j'en ai plein en stock<Indent/>!","Alors, ce mandat, ça avance<Indent/>? Je compte sur vous<Indent/>!","Quelqu'un serait-il intéressé par un mandat<Indent/>? N'hésitez pas à demander, j'en ai plein en stock<Indent/>!","Fé<SoftHyphen/>li<SoftHyphen/>ci<SoftHyphen/>ta<SoftHyphen/>tions, <If(PlayerParameter(4))>voyageuse<Else/>voyageur</If>, vous avez fait du très bon travail<Indent/>! Tenez, voici votre récompense<Indent/>!","0","0","0"
36,False,False,False,False,False,2,0,2,0,2,0,0,0,0,0,0,0,0,0,0,0,0,0,0,0,1,1,1,1,1,"Ce n'est pas le travail qui manque ici. Que diriez-vous de remplir un petit mandat pour le compte du collège des glaneurs<Indent/>?","Pfiouuu, ça en fait des commandes... Manque de chance, les artisans agréés ne se trouvent pas sous le pied d'un cheval.","Alors, ça avance<Indent/>? Passez me voir dès que vous avez rempli votre mandat, et vous aurez droit à votre récompense.","Pfiouuu, ça en fait des commandes... Manque de chance, les artisans agréés ne se trouvent pas sous le pied d'un cheval.","Vous avez ce qu'il fallait<Indent/>!? Parfait<Indent/>! Voilà votre récompense<Indent/>! Continuez comme ça et on vous proposera bientôt d'intégrer le collège des glaneurs, ha ha ha<Indent/>!","0","0","0"
37,False,False,False,False,False,2,0,2,0,2,0,0,0,0,0,0,0,0,0,0,0,0,0,0,0,1,1,1,1,1,"Ici, nous recevons les commandes des habitants pour nos talentueux artisans... Et croyez-moi, ce n'est pas le travail qui manque, hou<Indent/>! Vous m'avez l'air d'être <If(PlayerParameter(4))>une disciple de la main aguerrie<Else/>un disciple de la main aguerri</If>, que diriez-vous de remplir un de nos mandats<Indent/>?","Aaaah... Tant de commandes et si peu d'artisans capables de les honorer... Si seulement quelqu'un de talentueux pouvait nous tendre une main secourable... Hou...","0","Aaaah... Tant de commandes et si peu d'artisans capables de les honorer... Si seulement quelqu'un de talentueux pouvait nous tendre une main secourable... Hou...","Hou<Indent/>! C'est un excellent travail<Indent/>! Acceptez cette compensation, en récompense de vos efforts<Indent/>!","0","0","0"
