key,0,1,2,3,4,5,6,7,8,9,10,11
#,PopRange,TerritoryType,ConditionSuccessEvent,ConditionFailEvent,ConfirmEvent,WarpCondition,WarpLogic,StartCutscene,EndCutscene,CanSkipCutscene,Name,Question
int32,Level,TerritoryType,DefaultTalk,DefaultTalk,DefaultTalk,WarpCondition,WarpLogic,Cutscene,Cutscene,bit&01,str,str
131072,0,0,0,0,0,1,1,0,0,False,"",""
131073,2040811,148,0,0,0,2,2,0,0,False,"",""
131074,3884000,204,590352,590353,0,3,1,0,0,False,"","Entrer dans la salle de commandement du Carquois<Indent/>?"
131075,3884182,132,0,0,0,1,1,0,0,False,"","Sortir de la salle de commandement du Carquois<Indent/>?"
131076,3878860,133,0,0,0,1,1,0,0,False,"","Sortir de la Chaire du Lotus<Indent/>?"
131077,1381039,152,590354,590355,0,4,1,0,0,False,"Aller à la jetée du Bouquet","Embarquer vers la jetée du Bouquet<Indent/>?"
131078,1381038,133,590356,590259,0,4,1,0,0,False,"","Embarquer vers Vieille Gridania<Indent/>?"
131079,4124796,177,0,0,0,5,3,0,0,False,"",""
131080,1359058,179,0,0,0,5,4,0,0,False,"",""
131081,4124801,178,0,0,0,5,5,0,0,False,"",""
131082,4125264,128,0,0,0,1,1,0,0,False,"","Voulez-vous sortir<Indent/>?"
131083,2232680,132,0,0,0,1,1,0,0,False,"","Voulez-vous sortir<Indent/>?"
131084,4125288,130,0,0,0,1,1,0,0,False,"","Voulez-vous sortir<Indent/>?"
131085,4107979,131,0,0,0,1,1,0,0,False,"","Sortir du Hall d'argent<Indent/>?"
131086,4143657,140,590441,590620,590448,6,1,0,0,False,"","Embarquer pour la crique du Croissant<Indent/>?
Coût<Indent/>: 40 gils"
131087,4143677,140,590442,590621,590449,6,1,0,0,False,"","Embarquer pour le Bazar argenté<Indent/>?
Coût<Indent/>: 40 gils"
131088,4107477,212,0,590450,0,7,1,0,0,False,"","Entrer dans le Refuge des sables<Indent/>?"
131089,4132388,140,0,0,0,1,1,0,0,False,"","Sortir du Refuge des sables<Indent/>?"
131090,4148347,212,0,590564,0,21,1,0,0,False,"","Entrer dans le salon de l'Aube<Indent/>?"
131091,4148350,212,0,0,0,1,1,0,0,False,"","Sortir du salon de l'Aube<Indent/>?"
131092,4158063,128,0,0,0,1,1,0,0,False,"Aérodrome de Limsa Lominsa (3e étage)","Aller à l'aérodrome de Limsa Lominsa<Indent/>?"
131093,4158069,128,0,0,0,1,1,0,0,False,"Guilde des aventuriers (1er étage)","Aller à la guilde des aventuriers<Indent/>?"
131094,4161445,129,0,0,0,1,1,0,0,False,"Bastingage (RDC)","Aller au Bastingage<Indent/>?"
131095,4164411,130,0,0,0,1,1,0,0,False,"Aérodrome d'Ul'dah (3e étage)","Aller à l'aérodrome d'Ul'dah<Indent/>?"
131096,4164414,131,0,0,0,1,1,0,0,False,"District politique (1er étage)","Aller au district politique<Indent/>?"
131097,4164413,130,0,0,0,1,1,0,0,False,"Marchés de l'allée du Rubis (RDC)","Aller aux marchés de l'allée du Rubis<Indent/>?"
131098,4087066,210,590451,590452,0,8,1,0,0,False,"","Entrer dans le Hall d'argent<Indent/>?"
131099,4165046,146,590611,0,0,1,1,0,0,False,"","Entrer dans la zone<Indent/>?"
131100,4165037,145,590610,0,0,1,1,0,0,False,"","Quitter la zone<Indent/>?"
131101,4103382,132,0,590530,590453,9,1,227,232,True,"Aller à Gridania","Embarquer pour Gridania<Indent/>?
Coût<Indent/>: 120 gils"
131102,4103399,128,0,590530,590453,9,1,227,230,True,"Aller à Limsa Lominsa","Embarquer pour Limsa Lominsa<Indent/>?
Coût<Indent/>: 120 gils"
131103,4103339,130,0,589916,590454,9,1,231,228,True,"Aller à Ul'dah","Embarquer pour Ul'dah<Indent/>?
Coût<Indent/>: 120 gils"
131104,4103399,128,0,589916,590454,9,1,231,230,True,"Aller à Limsa Lominsa","Embarquer pour Limsa Lominsa<Indent/>?
Coût<Indent/>: 120 gils"
131105,4103339,130,0,590531,590455,9,1,229,228,True,"Aller à Ul'dah","Embarquer pour Ul'dah<Indent/>?
Coût<Indent/>: 120 gils"
131106,4103382,132,0,590531,590455,9,1,229,232,True,"Aller à Gridania","Embarquer pour Gridania<Indent/>?
Coût<Indent/>: 120 gils"
131107,4165398,129,0,591076,590456,10,1,235,234,True,"","Aller à Limsa Lominsa<Indent/>?
Coût<Indent/>: 80 gils"
131108,4165376,140,0,591077,590457,10,1,233,236,True,"","Aller à la baie des Vêpres<Indent/>?
Coût<Indent/>: 80 gils"
131109,4165794,138,590514,590515,590622,11,1,0,0,False,"Aller à Port-aux-Ales","Aller à Port-aux-Ales<Indent/>?
Coût<Indent/>: 40 gils"
131110,4165749,129,590516,590517,590623,11,1,0,0,False,"Aller à Limsa Lominsa","Aller à Limsa Lominsa<Indent/>?
Coût<Indent/>: 40 gils"
131111,4165755,137,590518,590519,590624,12,1,0,0,False,"Aller à Costa del Sol","Aller à Costa del Sol<Indent/>?
Coût<Indent/>: 40 gils"
131112,4165749,129,590520,590521,590625,12,1,0,0,False,"Aller à Limsa Lominsa","Aller à Limsa Lominsa<Indent/>?
Coût<Indent/>: 40 gils"
131113,4165801,139,590510,0,590511,13,1,0,0,False,"Aller au comptoir de Jijiroon","Aller au comptoir de Jijiroon<Indent/>?
Coût<Indent/>: 40 gils"
131114,4165797,139,590512,0,590513,13,1,0,0,False,"Aller au comptoir de Memeroon","Aller au comptoir de Memeroon<Indent/>?
Coût<Indent/>: 40 gils"
131115,4165794,138,590522,590626,590628,14,1,0,0,False,"Aller à Port-aux-Ales","Aller à Port-aux-Ales<Indent/>?
Coût<Indent/>: 40 gils"
131116,4165877,135,590523,590627,590629,14,1,0,0,False,"Aller au quai de la Torche","Aller au quai de la Torche<Indent/>?
Coût<Indent/>: 40 gils"
131117,1317627,148,590524,590525,0,15,1,0,0,False,"Aller au-delà de la porte du Loup blanc","Sortir par la porte du Loup blanc<Indent/>?"
131118,1317561,132,590529,590526,0,15,1,0,0,False,"","Entrer dans Gridania<Indent/>?"
131119,4165759,137,590527,0,590630,16,1,0,0,False,"Aller à la ravine des Cueillepluies","Aller à la ravine des Cueillepluies<Indent/>?
Coût<Indent/>: 40 gils"
131120,4165758,137,590528,0,590631,16,1,0,0,False,"Aller à la Chute cachée","Aller à la Chute cachée<Indent/>?
Coût<Indent/>: 40 gils"
131121,3877982,205,590535,590536,0,19,1,0,0,False,"Aller à la Chaire du Lotus","Aller à la Chaire du Lotus<Indent/>?"
131122,4146949,198,590563,0,0,20,1,0,0,False,"Aller au salon de l'Amiral","Aller au salon de l'Amiral<Indent/>?"
131123,4169071,129,0,0,0,1,1,0,0,False,"","Sortir du salon de l'Amiral<Indent/>?"
131124,4190590,134,0,0,0,2,2,0,0,False,"",""
131125,4189532,141,0,0,0,2,2,0,0,False,"",""
131126,4165939,146,590603,0,0,1,1,0,0,False,"","Aller au Malm du Minotaure<Indent/>?"
131127,4165935,146,590604,0,0,1,1,0,0,False,"","Aller à la Thébaïde de Nald<Indent/>?"
131128,4103339,130,590607,0,0,1,1,0,0,False,"","Retourner à la salle d'attente<Indent/>?"
131129,4103382,132,590608,0,0,1,1,0,0,False,"","Retourner à la salle d'attente<Indent/>?"
131130,4103399,128,590609,0,0,1,1,0,0,False,"","Retourner à la salle d'attente<Indent/>?"
131131,4264415,250,590632,0,0,1,1,0,0,False,"Aller à l'Antre des loups","Aller à l'Antre des loups<Indent/>?"
131132,4264426,135,590633,0,0,1,1,0,0,False,"Aller au chantier naval de Moraby","Aller au chantier naval de Moraby<Indent/>?"
131133,4165794,138,590634,0,0,1,1,0,0,False,"Aller à Port-aux-Ales","Aller à Port-aux-Ales<Indent/>?"
131134,4264587,138,590635,590636,590637,22,1,0,0,False,"Aller aux îles d'Ombra","Aller aux îles d'Ombra<Indent/>?
Coût<Indent/>: 40 gils"
131135,4165794,138,0,0,0,1,1,0,0,False,"Aller à Port-aux-Ales","Aller à Port-aux-Ales<Indent/>?"
131136,4264605,138,590638,590639,590640,23,1,0,0,False,"Aller au Nid de serpents","Aller au Nid de serpents<Indent/>?
Coût<Indent/>: 40 gils"
131137,4321669,156,0,0,0,1,1,0,0,False,"","Quitter l'atelier de Cid<Indent/>?"
131138,4102803,132,590843,0,0,1,1,0,0,False,"","Aller à Gridania<Indent/>?"
131139,4332112,137,0,0,0,1,1,0,0,False,"","Quitter le Labyrinthe de Bahamut<Indent/>?"
131140,4332121,147,0,0,0,1,1,0,390,False,"","Quitter le Labyrinthe de Bahamut<Indent/>?"
131141,4331241,247,0,0,0,1,1,389,0,False,"","Activer l'ascenseur<Indent/>?"
131142,4498658,351,0,0,0,1,1,0,0,False,"","Entrer dans le salon de l'Aube<Indent/>?"
131143,4498656,351,0,0,0,1,1,0,0,False,"","Sortir du salon de l'Aube<Indent/>?"
131144,4498659,351,0,0,0,1,1,0,0,False,"","Entrer dans le Refuge des roches<Indent/>?"
131145,4498857,156,0,0,0,1,1,0,0,False,"","Sortir du Refuge des roches<Indent/>?"
131146,4506602,156,0,0,0,1,1,0,0,False,"","Accéder aux Huit Sentinelles<Indent/>?"
131147,4506605,156,0,0,0,1,1,0,0,False,"","Quitter Les Huit Sentinelles<Indent/>?"
131148,0,0,0,0,0,1,6,0,0,False,"","Entrer dans la maison<Indent/>?"
131149,0,0,0,0,0,1,7,0,0,False,"","Sortir de la maison<Indent/>?"
131150,4549235,340,591149,0,0,1,1,0,0,False,"",""
131151,4549391,148,591150,0,0,1,1,0,0,False,"",""
131152,4618997,180,0,0,0,1,1,0,0,False,"","Sortir du laboratoire d'alchimie du 13e ordre<Indent/>?"
131153,4629135,138,0,0,0,1,1,0,0,False,"","Retourner à la Couvée de Novv<Indent/>?"
131154,4629135,138,0,0,0,1,1,0,0,False,"","Retourner à la Couvée de Novv<Indent/>?"
131155,4629135,138,0,0,0,1,1,0,0,False,"","Retourner à la Couvée de Novv<Indent/>?"
131156,4629135,138,0,0,0,1,1,0,0,False,"","Retourner à la Couvée de Novv<Indent/>?"
131157,4629135,138,0,0,0,1,1,0,0,False,"","Retourner à la Couvée de Novv<Indent/>?"
131158,4549235,340,591254,591260,0,24,1,0,0,False,"Aller à Lavandière",""
131159,1381038,133,591255,591261,0,24,1,0,0,False,"",""
131160,4664433,339,591256,591262,0,25,1,0,0,False,"Aller à Brumée",""
131161,4165749,129,591257,591263,0,25,1,0,0,False,"",""
131162,4656744,341,591258,591264,0,26,1,0,0,False,"",""
131163,4660251,131,591259,591265,0,26,1,0,0,False,"",""
131164,4678209,154,0,0,0,1,1,0,0,False,"","Sortir du sous-sol éorzéen<Indent/>?"
131165,4332121,147,0,0,0,1,1,0,0,False,"","Sortir des Méandres de Bahamut<Indent/>?"
131166,5036036,395,591750,0,0,1,1,0,0,False,"","Entrer dans la salle de réception<Indent/>?"
131167,5036025,155,0,0,0,1,1,0,0,False,"","Sortir de la salle de réception<Indent/>?"
131168,5038695,152,0,0,0,1,1,0,0,False,"","Sortir de la chapelle d'ivoire<Indent/>?"
131169,5049372,137,590097,0,0,1,1,0,0,False,"Aller à bord du navire au large","Aller à bord du navire au large<Indent/>?"
131170,4165755,137,590098,0,0,1,1,0,0,False,"Retourner à Costa del Sol","Retourner à Costa del Sol<Indent/>?"
131171,5341046,129,0,0,0,1,1,0,0,False,"","Sortir de la guilde des surineurs<Indent/>?"
131172,5341051,129,591865,0,0,27,1,0,0,False,"Entrer dans la guilde des surineurs","Entrer dans la guilde des surineurs<Indent/>?"
131173,5341521,137,0,0,0,1,1,0,0,False,"","Sortir de l'entrepôt<Indent/>?"
131174,5341524,137,591889,591888,0,28,1,0,0,False,"Entrer dans l'entrepôt","Entrer dans l'entrepôt<Indent/>?"
131175,5404445,147,0,0,0,1,1,0,0,False,"","Sortir du sous-sol éorzéen<Indent/>?"
131176,5038252,392,0,0,0,1,8,0,0,False,"","Entrer dans la chapelle d'ivoire<Indent/>?"
131177,5448900,388,591975,0,0,1,1,0,0,False,"","Aller au square des chocobos<Indent/>?"
131178,5448873,144,591981,0,0,1,1,0,0,False,"","Retourner au hall d'accueil<Indent/>?"
131179,5649379,144,0,591990,0,29,1,0,0,False,"Aller au Gold Saucer","Embarquer pour le Gold Saucer<Indent/>?
Coût<Indent/>: gratuit"
131180,5649379,144,0,591990,0,29,1,0,0,False,"Aller au Gold Saucer","Embarquer pour le Gold Saucer<Indent/>?
Coût<Indent/>: gratuit"
131181,5649379,144,0,591990,0,29,1,0,0,False,"Aller au Gold Saucer","Embarquer pour le Gold Saucer<Indent/>?
Coût<Indent/>: gratuit"
131182,4103399,128,0,0,592264,30,1,0,0,False,"Aller à Limsa Lominsa","Embarquer pour Limsa Lominsa<Indent/>?
Coût<Indent/>: 120 gils"
131183,4103339,130,0,0,0,1,1,0,0,False,"Aller à Ul'dah","Embarquer pour Ul'dah<Indent/>?
Coût<Indent/>: gratuit"
131184,4103382,132,0,0,592264,30,1,0,0,False,"Aller à Gridania","Embarquer pour Gridania<Indent/>?
Coût<Indent/>: 120 gils"
131185,5827477,418,592249,0,0,1,1,0,0,False,"","Aller à l'Arc des Valeureux<Indent/>?"
131186,5835896,155,592250,0,0,1,1,0,0,False,"","Aller aux Portes du Jugement<Indent/>?"
131187,5822019,439,592251,0,0,1,1,0,0,False,"Aller à la carrière de Lesteplume","Aller à la carrière de Lesteplume<Indent/>?"
131188,5835987,401,0,0,0,1,1,0,0,False,"Aller au camp de Cime-des-nuages","Embarquer pour le camp de Cime-des-nuages<Indent/>?
Coût<Indent/>: gratuit"
131189,5836049,401,592253,0,0,1,1,0,0,False,"","Aller à La Fenêtre bleue<Indent/>?"
131190,5836085,402,592254,0,0,1,1,0,0,False,"Aller à Azys Lla","Aller à Azys Lla<Indent/>?"
131191,5821242,427,592255,0,0,1,1,0,0,False,"","Entrer dans le scolasticat Saint-Endalim<Indent/>?"
131192,5822004,433,592256,0,0,1,1,0,0,False,"","Entrer dans le manoir des Fortemps<Indent/>?"
131193,5827748,419,0,0,0,1,1,0,0,False,"","Sortir du scolasticat Saint-Endalim<Indent/>?"
131194,5827491,418,0,0,0,1,1,0,0,False,"","Sortir du siège du capitaine général<Indent/>?"
131195,5827750,419,0,0,0,1,1,0,0,False,"","Sortir du manoir des Fortemps<Indent/>?"
131196,5827495,418,0,0,0,1,1,0,0,False,"","Quitter la carrière de Lesteplume<Indent/>?"
131197,5835975,419,592257,0,0,1,1,0,0,False,"","Aller à Ishgard<Indent/>?
Coût<Indent/>: gratuit"
131198,5835975,419,0,0,0,1,1,0,0,False,"","Aller à Ishgard<Indent/>?"
131199,5836077,400,592259,0,0,1,1,0,0,False,"","Aller à L'Écume des cieux de Dravania<Indent/>?"
131200,5836076,398,0,0,0,1,1,0,0,False,"","Aller dans l'Avant-pays dravanien<Indent/>?"
131201,5851087,463,0,0,0,1,1,0,0,False,"","Entrer dans la caverne de Matoya<Indent/>?"
131202,5822097,399,0,0,0,1,1,0,0,False,"","Sortir de la caverne de Matoya<Indent/>?"
131203,5835975,419,0,0,0,1,1,0,0,False,"","Aller à Ishgard<Indent/>?"
131204,5878288,429,0,0,0,5,9,0,0,False,"",""
131205,5878405,418,0,0,0,1,1,0,0,False,"","Voulez-vous sortir<Indent/>?"
131206,5857271,398,0,0,0,1,1,0,0,False,"","Voulez-vous sortir de la salle des offrandes<Indent/>?"
131207,5890154,402,0,0,0,1,1,0,0,False,"","Aller au quadrant alpha<Indent/>?"
131208,5890159,402,0,0,0,1,1,0,0,False,"","Aller au quadrant bêta<Indent/>?"
131209,5890166,402,0,0,0,1,1,0,0,False,"","Aller au quadrant bêta<Indent/>?"
131210,5890180,402,0,0,0,1,1,0,0,False,"","Aller au quadrant gamma<Indent/>?"
131211,5890183,402,0,0,0,1,1,0,0,False,"","Aller au quadrant gamma<Indent/>?"
131212,5890184,402,0,0,0,1,1,0,0,False,"","Aller au quadrant delta<Indent/>?"
131213,5867863,402,0,0,0,1,1,0,0,False,"","Quitter le cœur d'Azys Lla<Indent/>?"
131214,5959290,399,0,0,0,1,1,0,0,False,"","Quitter l'Articulation<Indent/>?"
131215,5959290,399,0,0,0,1,1,0,0,False,"","Quitter Le Nœud gordien<Indent/>?"
131216,6034535,504,592868,0,0,31,1,0,0,False,"Parler","Entrer dans la salle des développeurs<Indent/>?"
131217,6034570,130,0,0,0,1,1,0,0,False,"Sortir","Sortir de la salle des développeurs<Indent/>?"
131218,6045307,399,0,0,0,1,1,0,0,False,"","Prendre un raccourci vers l'Arrière-pays dravanien<Indent/>?"
131219,6215554,132,0,0,0,1,1,0,0,False,"","Sortir de la caserne <If(GreaterThan(PlayerParameter(52),0))>du Maelstrom<Else/></If><If(GreaterThan(PlayerParameter(53),0))>de l'ordre des Deux Vipères<Else/></If><If(GreaterThan(PlayerParameter(54),0))>des Immortels<Else/></If><Indent/>?"
131220,6235159,399,0,593136,0,32,1,0,0,False,"","Se téléporter auprès du guide-accompagnateur<Indent/>?"
131221,6236358,399,0,0,0,1,1,0,0,False,"","Quitter l'Articulation<Indent/>?"
131222,6236358,399,0,0,0,1,1,0,0,False,"","Quitter Le Nœud midin<Indent/>?"
131223,6256320,567,0,0,0,1,1,0,0,False,"","Aller au Paddock<Indent/>?"
131224,6256553,401,0,0,0,1,1,0,0,False,"","Retourner à Ventfroid<Indent/>?"
131225,6256675,568,0,0,0,1,1,0,0,False,"","Entrer dans la cabine de Leofard<Indent/>?"
131226,6256329,567,0,0,0,1,1,0,0,False,"","Sortir de la cabine de Leofard<Indent/>?"
131227,6256327,567,0,0,0,1,1,0,0,False,"","Accéder à l'île du Paddock<Indent/>?"
131228,6256326,567,0,0,0,1,1,0,0,False,"","Accéder à l'embarcadère<Indent/>?"
131229,5835975,419,0,0,590453,33,1,0,0,False,"Aller à Ishgard","Embarquer pour Ishgard<Indent/>?
Coût<Indent/>: 150 gils"
131230,5835975,419,0,0,590454,33,1,0,0,False,"Aller à Ishgard","Embarquer pour Ishgard<Indent/>?
Coût<Indent/>: 150 gils"
131231,5835975,419,0,0,590455,33,1,0,0,False,"Aller à Ishgard","Embarquer pour Ishgard<Indent/>?
Coût<Indent/>: 150 gils"
131232,4103339,130,0,0,592480,33,1,0,0,False,"Aller à Ul'dah","Embarquer pour Ul'dah<Indent/>?
Coût<Indent/>: 150 gils"
131233,4103382,132,0,0,592480,33,1,0,0,False,"Aller à Gridania","Embarquer pour Gridania<Indent/>?
Coût<Indent/>: 150 gils"
131234,4103399,128,0,0,592480,33,1,0,0,False,"Aller à Limsa Lominsa","Embarquer pour Limsa Lominsa<Indent/>?
Coût<Indent/>: 150 gils"
131235,5827477,418,0,0,0,1,1,0,0,False,"","Aller à Ishgard<Indent/>?"
131236,6385473,153,0,0,0,1,1,0,0,False,"","Sortir du Palais des morts<Indent/>?"
131237,5835975,419,0,0,592480,33,1,0,0,False,"Aller à Ishgard","Embarquer pour Ishgard<Indent/>?
Coût<Indent/>: 150 gils"
131238,5649379,144,0,0,592264,34,1,0,0,False,"Aller au Gold Saucer","Embarquer pour le Gold Saucer<Indent/>?
Coût<Indent/>: gratuit"
131239,6485807,399,0,0,0,1,1,0,0,False,"","Quitter L'Encéphale<Indent/>?"
131240,6483471,611,593427,593426,0,35,1,0,0,False,"Parler","Se rendre à la clinique pédiatrique<Indent/>?"
131241,6483427,131,0,0,0,1,1,0,0,False,"","Quitter la clinique pédiatrique<Indent/>?"
131242,6485807,399,0,0,0,1,1,0,0,False,"","Quitter la chambre du générateur principal<Indent/>?"
131243,6515006,128,0,0,0,1,1,0,0,False,"","Sortir de la caserne <If(GreaterThan(PlayerParameter(52),0))>du Maelstrom<Else/></If><If(GreaterThan(PlayerParameter(53),0))>de l'ordre des Deux Vipères<Else/></If><If(GreaterThan(PlayerParameter(54),0))>des Immortels<Else/></If><Indent/>?"
131244,6515008,130,0,0,0,1,1,0,0,False,"","Sortir de la caserne <If(GreaterThan(PlayerParameter(52),0))>du Maelstrom<Else/></If><If(GreaterThan(PlayerParameter(53),0))>de l'ordre des Deux Vipères<Else/></If><If(GreaterThan(PlayerParameter(54),0))>des Immortels<Else/></If><Indent/>?"
131245,6654103,629,0,0,0,5,10,0,0,False,"",""
131246,6654162,628,0,0,0,1,1,0,0,False,"","Voulez-vous sortir<Indent/>?"
131247,6728838,156,0,0,0,1,1,0,0,False,"","Sortir de la salle de contrôle d'Oméga<Indent/>?"
131248,6663537,641,593638,0,0,1,1,0,0,False,"",""
131249,6654210,628,593640,593639,0,36,1,0,0,False,"",""
131250,6873899,152,593642,0,0,1,1,0,0,False,"","Aller à la tour d'Amarissaix<Indent/>?"
131251,6873933,612,593643,0,0,1,1,0,0,False,"","Aller à Castrum Oriens<Indent/>?"
131252,6873901,129,0,0,593644,37,1,0,0,False,"","Embarquer pour Limsa Lominsa<Indent/>?
Coût<Indent/>: 300 gils"
131253,6874066,628,0,0,593645,37,1,0,0,False,"","Embarquer pour Kugane<Indent/>?
Coût<Indent/>: 300 gils"
131254,6873937,612,593646,0,0,1,1,0,0,False,"","Aller du côté de Virdjala<Indent/>?"
131255,6873936,612,593647,0,0,1,1,0,0,False,"","Aller du côté des chutes de la Pique<Indent/>?"
131256,6873958,621,593648,0,0,1,1,0,0,False,"","Entrer dans le Faubourg mhigois<Indent/>?"
131257,6873957,621,593649,0,0,1,1,0,0,False,"","Entrer dans les canaux souterrains<Indent/>?"
131258,6873954,621,593650,0,0,1,1,0,0,False,"","Entrer dans le Faubourg mhigois<Indent/>?"
131259,6873952,621,593651,0,0,1,1,0,0,False,"","Sortir du Faubourg mhigois<Indent/>?"
131260,6874048,628,0,0,0,1,1,0,0,False,"","Sortir de la salle d'accueil du Bazar de Rubis<Indent/>?"
131261,6874031,639,593652,0,0,1,1,0,0,False,"Entrer dans la salle d'accueil du Bazar de Rubis","Entrer dans la salle d'accueil du Bazar de Rubis<Indent/>?"
131262,6874050,628,0,0,0,1,1,0,0,False,"","Aller à l'aérodrome de Kugane<Indent/>?"
131263,6874054,628,0,0,0,1,1,0,0,False,"","Quitter l'aérodrome de Kugane<Indent/>?"
131264,6874512,681,593655,0,0,1,1,0,0,False,"Entrer dans le Cercle des Intrépides","Entrer dans le Cercle des Intrépides<Indent/>?"
131265,6874127,614,593656,0,0,1,1,0,0,False,"","Entrer dans le Cercle des Intrépides<Indent/>?"
131266,6874125,614,593657,0,0,1,1,0,0,False,"","Sortir du Cercle des Intrépides<Indent/>?"
131267,6877425,682,593661,0,0,1,1,0,0,False,"","Entrer dans le quartier enclavé de Doma<Indent/>?"
131268,6877422,614,593660,0,0,1,1,0,0,False,"","Aller au Bassin rutilant<Indent/>?"
131269,6874086,622,593658,0,0,1,1,0,0,False,"","Descendre à la base du Trône de l'Aube<Indent/>?"
131270,6874087,622,593659,593665,0,38,1,0,0,False,"","Monter au sommet du Trône de l'Aube<Indent/>?"
131271,6889710,620,593662,0,0,1,1,0,0,False,"","Entrer dans Specula Imperatoris<Indent/>?"
131272,6889712,620,593663,0,0,1,1,0,0,False,"","Sortir de Specula Imperatoris<Indent/>?"
131273,6890265,612,0,0,0,1,1,0,0,False,"","Sortir du grand autel de Djanan Qhat<Indent/>?"
131274,6873901,129,0,0,0,1,1,0,0,False,"","Aller à Limsa Lominsa<Indent/>?"
131275,6938717,612,0,593703,0,39,1,0,0,False,"","Aller auprès du gaillard couvert de cicatrices<Indent/>?"
131276,6988578,621,0,0,0,1,1,0,0,False,"","Quitter la Ménagerie royale<Indent/>?"
131277,6889710,620,0,0,0,1,1,0,0,False,"","Aller de l'autre côté de la porte<Indent/>?"
131278,6889712,620,0,0,0,1,1,0,0,False,"","Aller de l'autre côté de la porte<Indent/>?"
131279,6999027,612,0,0,0,1,1,0,0,False,"","Quitter la fissure interdimensionnelle<Indent/>?"
131280,7073364,140,0,0,0,1,1,0,0,False,"","Sortir de la geôle de Mordion<Indent/>?"
131281,7078657,735,594538,0,0,1,1,0,0,False,"","Aller dans la salle de répétition du Prima Vista<Indent/>?"
131282,7082407,628,0,0,0,1,1,0,0,False,"","Aller à Kugane<Indent/>?"
131283,7080658,736,0,0,0,1,1,0,0,False,"","Aller sur le pont du Prima Vista<Indent/>?"
131284,7080809,735,0,0,0,1,1,0,0,False,"","Aller dans la salle de répétition du Prima Vista<Indent/>?"
131285,7083135,621,0,0,0,1,1,0,0,False,"","Sortir du palais royal d'Ala Mhigo<Indent/>?"
131286,7102724,621,0,0,0,1,1,0,0,False,"","Sortir du laboratoire impérial d'étude sur les Résonnants<Indent/>?"
131287,7151251,740,594578,0,0,1,1,0,0,False,"","Accéder à la Ménagerie royale<Indent/>?"
131288,7103377,621,0,0,0,1,1,0,0,False,"","Quitter la Ménagerie royale<Indent/>?"
131289,7083135,621,594628,0,0,1,1,0,0,False,"","Sortir du palais royal d'Ala Mhigo<Indent/>?"
131290,7156750,613,594638,0,594639,40,1,0,0,False,"","Aller à Sakazuki<Indent/>?
Coût<Indent/>: 30 gils"
131291,7156756,613,594640,0,594641,40,1,0,0,False,"","Aller à Onokoro<Indent/>?
Coût<Indent/>: 30 gils"
131292,7164043,739,593661,0,0,1,1,0,0,False,"","Entrer dans le quartier enclavé de Doma<Indent/>?"
131293,7182462,759,594559,0,0,1,1,0,0,False,"","Entrer dans le quartier enclavé de Doma<Indent/>?"
131294,7226681,759,0,0,0,1,1,0,0,False,"","Sortir du Kienkan<Indent/>?"
131295,7239198,764,594756,0,0,1,1,0,0,False,"Aller au sanctuaire Reisen","Aller au sanctuaire Reisen<Indent/>?"
131296,7343563,614,0,0,0,1,1,0,0,False,"","Retourner à Yanxia<Indent/>?"
131297,7239363,613,594754,0,0,1,1,0,0,False,"","Sortir du sanctuaire Reisen<Indent/>?"
131298,7420749,613,0,0,0,1,1,0,0,False,"","Quitter le Pilier des Cieux<Indent/>?"
131299,6873937,612,594718,0,0,1,1,0,0,False,"","Aller du côté de Virdjala<Indent/>?"
131300,7080658,736,594829,0,0,1,1,0,0,False,"","Retourner sur le pont du Prima Vista<Indent/>?"
131301,7447849,622,594861,0,0,1,1,0,0,False,"","Quitter Dhoro Iloh<Indent/>?"
131302,7448849,622,594860,0,0,1,1,0,0,False,"","Aller à Dhoro Iloh<Indent/>?"
131303,7672498,809,594983,0,0,1,1,0,0,False,"","Aller au manoir abandonné<Indent/>?"
131304,9383310,133,0,0,0,1,1,0,0,False,"","Sortir du manoir abandonné<Indent/>?"
131305,7743671,621,0,0,0,1,1,0,0,False,"","Retourner dans la région des Lacs<Indent/>?"
131306,7743671,621,0,0,0,1,1,0,0,False,"","Retourner dans la région des Lacs<Indent/>?"
131307,7761499,132,0,0,0,1,1,0,0,False,"","Sortir de Hurlœil<Indent/>?"
131308,7078657,735,596781,0,0,1,1,0,0,False,"","Attendre dans la salle de répétition du Prima Vista<Indent/>?"
131309,7830042,828,0,0,0,1,1,0,0,False,"","Aller dans la salle de répétition du Prima Vista<Indent/>?"
131310,7848800,827,0,0,0,1,1,0,0,False,"","Retourner à la source de la Val<Indent/>?"
131311,7878066,819,0,0,0,1,1,0,0,False,"","Sortir de L'Observatoire<Indent/>?"
131312,7878085,819,0,0,0,1,1,0,0,False,"","Sortir de votre chambre<Indent/>?"
131313,7878501,820,596477,0,0,1,1,0,0,False,"","Aller à La Voûte<Indent/>?"
131314,7878500,820,596478,0,0,1,1,0,0,False,"Aller aux Racines","Aller aux Racines<Indent/>?"
131315,7878732,844,596475,596176,0,43,1,0,0,False,"","Entrer dans L'Observatoire<Indent/>?"
131316,7877999,843,0,0,0,41,11,0,0,False,"Discuter",""
131317,7933894,878,0,0,0,1,1,0,0,False,"","Aller dans Le Grand Vide<Indent/>?"
131318,7933164,815,0,0,0,1,1,0,0,False,"","Aller en Amh Araeng<Indent/>?"
131319,7932479,857,0,0,0,1,1,0,0,False,"","Aller dans le Cœur d'Éden<Indent/>?"
131320,7932937,878,0,0,0,1,1,0,0,False,"","Aller dans Le Grand Vide<Indent/>?"
131321,7935659,814,0,595193,0,42,1,0,0,False,"","Aller auprès de l'ancien soldat au doux tempérament<Indent/>?"
131322,8010128,842,596573,0,0,1,1,0,0,False,"","Aller dans la gorge de Syrcus<Indent/>?"
131323,8010132,156,0,0,0,1,1,0,0,False,"","Aller à la rive nord de Pleurargent<Indent/>?"
131324,8010063,844,596472,0,0,1,1,0,0,False,"","Toucher le dispositif et aller dans le premier reflet<Indent/>?"
131325,8010129,842,0,0,0,1,1,0,0,False,"Retourner dans le monde primitif","Retourner dans le monde primitif<Indent/>?"
131326,8010180,814,0,0,0,1,1,0,0,False,"","Aller à Kholusia<Indent/>?"
131327,8010338,818,0,0,0,1,1,0,0,False,"","Aller dans La Tempête<Indent/>?"
131328,8010129,842,596473,0,0,1,1,0,0,False,"","Aller dans le monde primitif<Indent/>?"
131329,8015551,814,596474,0,0,1,1,0,0,False,"Aller à Kholusia","Aller à Kholusia<Indent/>?"
131330,8015653,814,596479,0,0,1,1,0,0,False,"","Aller à l'Échelon supérieur<Indent/>?"
131331,8015648,814,596480,0,0,1,1,0,0,False,"","Aller à l'Échelon inférieur<Indent/>?"
131332,8015796,819,596482,0,0,1,1,0,0,False,"","Aller à Cristarium<Indent/>?"
131333,8016454,818,596481,0,0,1,1,0,0,False,"","Aller dans La Tempête<Indent/>?"
131334,8015677,814,0,0,0,1,1,0,0,False,"","Aller à Kholusia<Indent/>?"
131335,7980014,815,596476,0,0,1,1,0,0,False,"","Aller en Amh Araeng<Indent/>?"
131336,8015796,819,595595,0,0,1,1,0,0,False,"","Aller à Cristarium<Indent/>?"
131337,8015796,819,596533,0,0,1,1,0,0,False,"Aller à Cristarium","Aller à Cristarium<Indent/>?"
131338,8050969,815,596572,0,0,1,1,0,0,False,"","Aller dans les collines d'Ambre du Sud<Indent/>?"
131339,8050970,815,0,0,0,1,1,0,0,False,"","Aller à Queues-liées<Indent/>?"
131340,8050982,818,0,0,0,1,1,0,0,False,"","Aller au pied de la tour achorienne<Indent/>?"
131341,8050981,818,0,0,0,1,1,0,0,False,"","Aller au sommet de la tour achorienne<Indent/>?"
131342,8141167,886,0,0,0,45,1,0,0,False,"Aller à Azurée","Aller à Azurée<Indent/>?"
131343,8141780,418,596706,0,0,1,1,0,0,False,"","Aller à Brouillasse<Indent/>?"
131344,8141925,816,596692,0,0,1,1,0,0,False,"","Retourner en Il Mheg<Indent/>?"
131345,8141929,890,596691,0,0,1,1,0,0,False,"","Entrer dans le Lyhe Mheg<Indent/>?"
131346,8141930,891,596691,0,0,1,1,0,0,False,"","Entrer dans le Lyhe Mheg<Indent/>?"
131347,8141931,892,596691,0,0,1,1,0,0,False,"","Entrer dans le Lyhe Mheg<Indent/>?"
131348,8143255,814,0,0,0,1,1,0,0,False,"","Sortir de la grotte<Indent/>?"
131349,8143261,895,0,0,0,1,1,0,0,False,"","Entrer dans la grotte<Indent/>?"
131350,8144702,896,0,0,0,1,1,0,0,False,"","Entrer dans la réplique de l'usine désaffectée<Indent/>?"
131351,8143262,895,0,0,0,1,1,0,0,False,"","Quitter la réplique de l'usine désaffectée<Indent/>?"
131352,8149903,896,0,0,0,1,1,0,0,False,"","Aller au secteur 1<Indent/>?"
131353,8149915,896,0,0,0,1,1,0,0,False,"","Aller au secteur 4<Indent/>?"
131354,8149924,896,0,0,0,1,1,0,0,False,"","Aller au secteur 2<Indent/>?"
131355,8015796,819,595630,595631,0,44,1,0,0,False,"Aller à Cristarium","Aller à Cristarium<Indent/>?"
131356,8154983,820,595632,0,0,44,1,0,0,False,"Aller à Eulmore","Aller à Eulmore<Indent/>?"
131357,8193602,896,0,0,0,1,1,0,0,False,"","Aller au secteur 5<Indent/>?"
131358,8193584,896,0,0,0,1,1,0,0,False,"","Aller au secteur 4<Indent/>?"
131359,8276340,915,596734,0,0,1,1,0,0,False,"","Aller à Gangos<Indent/>?"
131360,8276336,759,596735,0,0,1,1,0,0,False,"","Aller au quartier enclavé de Doma<Indent/>?"
131361,8321517,921,596820,596819,0,46,1,0,0,False,"","Se rendre à la clinique pédiatrique<Indent/>?"
131362,8322370,131,0,0,0,1,1,0,0,False,"","Quitter la clinique pédiatrique<Indent/>?"
131363,8341503,814,0,0,0,1,1,0,0,False,"","Aller à Kholusia<Indent/>?"
131364,8367474,621,596931,0,0,1,1,0,0,False,"","Aller à Gyr Abania<Indent/>?"
131365,8368019,919,596932,0,0,1,1,0,0,False,"","Aller à Rocasternes<Indent/>?"
131366,8373584,351,0,0,0,1,1,0,0,False,"","Sortir de la chambre de l'Aube<Indent/>?"
131367,8373588,351,0,0,0,1,1,0,0,False,"","Entrer dans la chambre de l'Aube<Indent/>?"
131368,8373708,814,0,0,0,1,1,0,0,False,"","Sortir de la Noesis<Indent/>?"
131369,8373710,918,596922,596923,0,48,1,0,0,False,"","Se rendre dans la Noesis<Indent/>?"
131370,7878732,844,596924,596925,0,47,1,0,0,False,"","Entrer dans L'Observatoire<Indent/>?"
131371,8380784,895,0,0,0,1,1,0,0,False,"","Se rendre dans la chambre dérobée<Indent/>?"
131372,8378564,895,0,0,0,1,1,0,0,False,"","Retourner à l'entrée des ruines mécaniques<Indent/>?"
131373,8380830,928,0,0,0,1,1,0,0,False,"","Aller à la base militaire des Pantins<Indent/>?"
131374,8380461,814,0,0,0,1,1,0,0,False,"","Retourner à Komra<Indent/>?"
131375,8141780,418,0,0,0,1,12,0,0,False,"",""
131376,8406262,928,0,0,0,1,1,0,0,False,"","Aller à la lisière des montagnes des Duergars<Indent/>?"
131377,8375872,927,0,0,0,1,12,0,0,False,"",""
131378,7878066,819,0,0,0,1,1,0,0,False,"","Sortir de la Tour pour retrourner à Cristarium?"
131379,8460800,144,0,0,0,1,1,0,0,False,"","Sortir du manoir abandonné<Indent/>?"
131380,8461297,928,0,0,0,1,1,0,0,False,"","Entrer dans la Base<Indent/>?"
131381,8461299,928,0,0,0,1,1,0,0,False,"","Aller au vaisseau extraterrestre<Indent/>?"
131382,8461303,809,597187,597188,0,49,1,0,0,False,"","Aller au manoir abandonné<Indent/>?"
131383,8509483,921,597190,0,0,1,1,0,0,False,"","Se rendre à la clinique pédiatrique<Indent/>?"
131384,8509472,131,0,0,0,1,1,0,0,False,"","Quitter la clinique pédiatrique<Indent/>?"
131385,8537326,140,0,0,0,1,1,0,0,False,"","Se rendre dans le Thanalan occidental<Indent/>?"
131386,8547746,886,597163,0,0,1,1,0,0,False,"","Aller à l'estrade de Sainte Roelle<Indent/>?"
131387,8568002,915,0,0,0,1,1,0,0,False,"","Retourner à Gangos<Indent/>?"
131388,7933894,965,597244,0,0,1,1,0,0,False,"","Aller dans Le Grand Vide<Indent/>?"
131389,8679245,133,597351,0,0,1,1,0,0,False,"","Entrer dans le poulailler des rêvœufs<Indent/>?"
131390,8678856,133,597352,0,0,1,1,0,0,False,"","Sortir du poulailler des rêvœufs<Indent/>?"
131391,8657746,919,597362,0,0,1,1,0,0,False,"","Aller à Rocasternes<Indent/>?"
131392,8776840,971,597661,0,0,50,1,0,0,False,"Entrer dans le repaire des Lémures","Entrer dans le repaire des Lémures<Indent/>?"
131393,8777004,131,0,0,0,1,1,0,0,False,"","Sortir du repaire des Lémures<Indent/>?"
131394,8879627,418,0,0,0,1,1,0,0,False,"","Sortir de la salle des opérations<Indent/>?"
131395,8901544,979,0,0,0,51,1,0,0,False,"Aller à Empyrée",""
131396,8901555,418,597510,597511,0,53,1,0,0,False,"",""
131397,8934201,979,597509,0,0,1,1,0,0,False,"",""
131398,8941481,886,597512,597513,0,52,1,0,0,False,"",""
131399,7082407,628,0,0,597643,56,1,0,0,False,"Aller à Kugane","Embarquer pour Kugane<Indent/>?
Coût<Indent/>: 300 gils"
131400,8904508,963,0,0,597642,56,1,0,0,False,"Aller à Radz-at-Han","Embarquer pour Radz-at-Han<Indent/>?
Coût<Indent/>: 300 gils"
131401,8918004,990,0,0,0,1,13,0,0,False,"Aller dans la chambre à coucher",""
131402,8917996,962,0,0,0,1,1,0,0,False,"","Sortir de votre chambre<Indent/>?"
131403,8929915,987,0,0,0,1,1,0,0,False,"","Entrer dans le salon principal<Indent/>?"
131404,8929839,962,0,0,0,1,1,0,0,False,"","Sortir du salon principal<Indent/>?"
131405,6873901,129,598556,0,597723,58,1,0,0,False,"","Embarquer pour Limsa Lominsa<Indent/>?
Coût<Indent/>: 300 gils"
131406,9019549,962,0,0,597722,58,1,0,0,False,"","Embarquer pour Vieille Sharlayan<Indent/>?
Coût<Indent/>: 300 gils"
131407,8954010,956,598557,0,0,1,1,0,0,False,"","Aller dans le Labyrinthos<Indent/>?"
131408,8954012,962,598558,0,0,1,1,0,0,False,"","Aller à Vieille Sharlayan<Indent/>?"
131409,8953665,963,598559,0,0,1,1,0,0,False,"","Aller à Radz-at-Han<Indent/>?"
131410,8953667,957,598560,0,0,1,1,0,0,False,"","Aller à Thavnair<Indent/>?"
131411,8953996,956,598561,598555,0,59,1,0,0,False,"","Aller dans le Circuit médian<Indent/>?"
131412,8953982,956,598562,0,0,1,1,0,0,False,"","Aller dans le Circuit externe<Indent/>?"
131413,8954001,956,598563,0,0,1,1,0,0,False,"","Aller dans le Circuit central<Indent/>?"
131414,8954000,956,598564,0,0,1,1,0,0,False,"","Aller dans le Circuit médian<Indent/>?"
131415,8954006,956,598565,0,0,1,1,0,0,False,"","Descendre à l'étage inférieur<Indent/>?"
131416,8954005,956,598566,0,0,1,1,0,0,False,"","Remonter à L'Aporie<Indent/>?"
131417,8953942,960,598567,0,0,1,1,0,0,False,"","Voyager vers Ultima Thulé<Indent/>?"
131418,8953972,956,0,0,0,1,1,0,0,False,"","Retourner dans le Labyrinthos<Indent/>?"
131419,8953920,621,598568,0,0,1,1,0,0,False,"","Aller au Faubourg mhigois<Indent/>?"
131420,8953889,958,598569,0,0,1,1,0,0,False,"","Aller à Garlemald<Indent/>?"
131421,8953635,1025,0,0,0,1,14,0,0,False,"","Aller au Pandæmonium<Indent/>?"
131422,8953634,961,0,0,0,1,14,0,0,False,"","Retourner à Elpis<Indent/>?"
131423,8953933,957,0,597693,0,57,1,0,0,False,"","Retourner auprès du soldat au regard perçant<Indent/>?"
131424,8953619,961,0,0,0,1,1,0,0,False,"","Aller à la passerelle intermédiaire<Indent/>?"
131425,8953618,961,0,0,0,1,1,0,0,False,"","Aller à l'entrée<Indent/>?"
131426,8953627,961,0,0,0,1,1,0,0,False,"","Aller à la passerelle supérieure<Indent/>?"
131427,8953626,961,0,0,0,1,1,0,0,False,"","Aller à la passerelle intermédiaire<Indent/>?"
131428,8995256,956,0,0,0,1,1,0,0,False,"","Quitter le Cristal-mère<Indent/>?"
131429,4103339,130,0,0,597643,54,1,0,0,False,"Aller à Ul'dah","Embarquer pour Ul'dah<Indent/>?
Coût<Indent/>: 300 gils"
131430,8904508,963,0,0,590453,54,1,0,0,False,"Aller à Radz-at-Han","Embarquer pour Radz-at-Han<Indent/>?
Coût<Indent/>: 300 gils"
131431,4103382,132,0,0,597643,54,1,0,0,False,"Aller à Gridania","Embarquer pour Gridania<Indent/>?
Coût<Indent/>: 300 gils"
131432,8904508,963,0,0,590454,54,1,0,0,False,"Aller à Radz-at-Han","Embarquer pour Radz-at-Han<Indent/>?
Coût<Indent/>: 300 gils"
131433,4103399,128,0,0,597643,54,1,0,0,False,"Aller à Limsa Lominsa","Embarquer pour Limsa Lominsa<Indent/>?
Coût<Indent/>: 300 gils"
131434,8904508,963,0,0,590455,54,1,0,0,False,"Aller à Radz-at-Han","Embarquer pour Radz-at-Han<Indent/>?
Coût<Indent/>: 300 gils"
131435,5835975,419,0,0,597643,55,1,0,0,False,"Aller à Ishgard","Embarquer pour Ishgard<Indent/>?
Coût<Indent/>: 500 gils"
131436,8904508,963,0,0,592480,55,1,0,0,False,"Aller à Radz-at-Han","Embarquer pour Radz-at-Han<Indent/>?
Coût<Indent/>: 500 gils"
131437,8995906,960,0,0,0,1,15,0,0,False,"","Aller à l'Ostrakon Dékahexi<Indent/>?"
131438,8995909,960,0,0,0,1,15,0,0,False,"","Aller à l'Ostrakon Tria<Indent/>?"
131439,8995910,960,0,0,0,1,15,0,0,False,"","Se téléporter au portail abandonné<Indent/>?"
131440,8995912,960,0,0,0,1,15,0,0,False,"","Se téléporter au portail désert<Indent/>?"
131441,8995914,960,0,0,0,1,15,0,0,False,"","Se téléporter au portail oublié<Indent/>?"
131442,8995915,960,0,0,0,1,15,0,0,False,"","Aller à la base des Omicrons<Indent/>?"
131443,7151251,740,597655,0,0,1,1,0,0,False,"","Accéder à la Ménagerie royale<Indent/>?"
131444,8996315,960,0,0,0,1,1,0,0,False,"","Quitter l'Orée de la fin<Indent/>?"
131445,8996315,960,0,0,0,1,1,0,0,False,"","Quitter les confins de l'univers<Indent/>?"
131446,9011003,133,0,0,0,1,1,0,0,False,"","Sortir du manoir abandonné<Indent/>?"
131447,9010999,809,597658,597659,0,1,1,0,0,False,"","Aller au manoir abandonné<Indent/>?"
131448,9019548,957,598570,0,0,1,1,0,0,False,"","Aller à Thavnair<Indent/>?"
131449,9021011,958,0,0,0,1,1,0,0,False,"","Sortir de la tour de Babil<Indent/>?"
131450,9021094,1024,598571,0,0,1,1,0,0,False,"Aller à la tour de Babil","Aller à la tour de Babil<Indent/>?"
131451,9021101,1024,0,0,0,1,1,0,0,False,"","Aller à la tour de Babil<Indent/>?"
131452,9021139,844,0,0,0,1,1,0,0,False,"","Retourner à L'Observatoire<Indent/>?"
131453,9021254,961,0,0,0,1,1,0,0,False,"Aller à Elpis","Aller à Elpis<Indent/>?"
131454,9021258,961,0,0,0,1,14,0,0,False,"","Aller au Notonaute<Indent/>?"
131455,9021260,961,0,0,0,1,14,0,0,False,"","Aller au Zéphynaute sud<Indent/>?"
131456,9021262,961,0,0,0,1,14,0,0,False,"","Aller au Zéphynaute nord<Indent/>?"
131457,9021264,961,0,0,0,1,14,0,0,False,"","Aller au Borénaute sud<Indent/>?"
131458,9021268,961,0,0,0,1,14,0,0,False,"","Aller au Borénaute est<Indent/>?"
131459,9021274,961,0,0,0,1,14,0,0,False,"","Aller à l'Euronaute<Indent/>?"
131460,9020547,959,0,0,0,1,1,0,0,False,"","Accéder au niveau supérieur<Indent/>?"
131461,9020548,959,0,0,0,1,1,0,0,False,"","Accéder au niveau inférieur<Indent/>?"
131462,9021116,959,0,0,0,1,1,0,0,False,"","Aller à Mare Lamentorum<Indent/>?"
131463,9021011,958,0,0,0,1,1,0,0,False,"","Sortir de la gare de l'Enceladeum<Indent/>?"
131464,9033592,959,0,0,0,1,1,0,0,False,"","Sortir de la prison lunaire<Indent/>?"
131465,9024233,958,598572,0,0,1,1,0,0,False,"Aller à la gare de l'Enceladeum","Aller à la gare de l'Enceladeum<Indent/>?"
131466,8953942,960,598573,0,0,1,1,0,0,False,"","Voyager vers Ultima Thulé<Indent/>?"
131467,9021139,844,0,0,0,1,1,0,0,False,"","Retourner à L'Observatoire<Indent/>?"
131468,9164270,147,0,0,0,1,1,0,0,False,"","Quitter Porta Decumana<Indent/>?"
131469,9164270,147,0,0,0,1,1,0,0,False,"","Quitter Porta Decumana<Indent/>?"
131470,9174015,137,598925,0,0,60,1,0,0,False,"Avancer les yeux fermés jusqu'à mi-chemin","Aller à mi-chemin<Indent/>?"
131471,9192223,137,598926,0,0,60,1,0,0,False,"Avancer les yeux fermés jusqu'à la ligne d'arrivée","Aller à la ligne d'arrivée<Indent/>?"
131472,9263980,1061,0,0,0,1,1,0,0,False,"","Aller à Omphalos<Indent/>?"
131473,9263987,156,0,0,0,1,1,0,0,False,"","Aller au Mor Dhona<Indent/>?"
131474,9270776,957,0,0,0,1,1,0,0,False,"","Aller à Thavnair<Indent/>?"
131475,9270762,962,0,0,0,1,1,0,0,False,"","Sortir des archives interdites<Indent/>?"
131476,9318295,1079,0,0,0,1,1,0,0,False,"","Aller au Prisme de l'Aitia<Indent/>?"
131477,9318062,956,0,0,0,1,1,0,0,False,"","Aller au Thaumazein<Indent/>?"
131478,9337844,1093,0,0,0,1,1,0,0,False,"","Aller au laboratoire d'études des secrets du vivant<Indent/>?"
131479,9321320,1025,0,0,0,1,1,0,0,False,"","Aller au parvis du Pandæmonium<Indent/>?"
131480,9326861,1073,0,0,0,1,1,0,0,False,"","Aller sur Élysée<Indent/>?"
131481,9401245,1074,0,0,0,1,15,0,0,False,"","Aller sur Élysée<Indent/>?"
131482,9326102,960,0,0,0,1,1,0,0,False,"Aller au camp de base A-4","Aller au camp de base A-4<Indent/>?"
131483,9325849,960,0,0,0,1,15,0,0,False,"","Aller au camp de base A-4<Indent/>?"
131484,9325848,960,0,0,0,1,15,0,0,False,"","Aller à la base des Omicrons<Indent/>?"
131485,9325846,960,0,0,0,1,1,0,0,False,"Aller aux Dernières Réminiscences","Aller aux Dernières Réminiscences<Indent/>?"
131486,9325847,960,0,0,0,1,1,0,0,False,"Aller au camp de base A-4","Aller au camp de base A-4<Indent/>?"
131487,0,0,0,0,0,0,0,0,0,False,"",""
131488,9387120,1089,0,0,0,1,1,0,0,False,"","Aller au Château de Troïa<Indent/>?"
131489,9387141,1056,0,0,0,1,1,0,0,False,"","Aller à la chambre scellée du tisserand<Indent/>?"
131490,9387105,1089,0,0,0,1,1,0,0,False,"","Aller au Château de Troïa<Indent/>?"
131491,9387114,1089,0,0,0,1,1,0,0,False,"","Aller au quatrième donjon<Indent/>?"
131492,9387076,1089,0,0,0,1,1,0,0,False,"","Aller à la promenade de l'Hydromancie<Indent/>?"
131493,9387103,1089,0,0,0,1,1,0,0,False,"","Aller au Château de Troïa<Indent/>?"
131494,9387187,1077,0,0,0,1,1,0,0,False,"","Aller au territoire de Zero<Indent/>?"
131495,9387083,1089,0,0,0,1,1,0,0,False,"","Aller à la promenade de l'Hydromancie<Indent/>?"
131496,9387215,963,0,0,0,1,1,0,0,False,"","Sortir des appartements du palais du Meghaduta<Indent/>?"
131497,9330752,1055,0,0,0,1,12,0,0,False,"",""
131498,9391419,1089,599042,0,0,1,1,0,0,False,"","Aller à la promenade de l'Hydromancie<Indent/>?"
131499,9387120,1089,599047,0,0,1,1,0,0,False,"","Aller au quatrième donjon<Indent/>?"
131500,9383313,133,0,0,0,1,1,0,0,False,"","Aller à Gridania<Indent/>?"
131501,9387123,1094,599008,599007,0,62,1,0,0,False,"","Aller à la demeure de la femme à tête de citrouille<Indent/>?"
131502,9383310,133,0,0,0,1,1,0,0,False,"","Aller à Gridania<Indent/>?"
131503,7672498,809,599010,599009,0,1,1,0,0,False,"","Aller au manoir abandonné<Indent/>?"
131504,9387123,1094,599008,599025,0,1,1,0,0,False,"","Aller à la demeure de la femme à tête de citrouille<Indent/>?"
131505,9404119,1056,599060,0,0,1,1,0,0,False,"","Aller à la chambre scellée du tisserand<Indent/>?"
131506,9387187,1077,0,0,0,1,1,0,0,False,"","Quitter le domaine de Barbariccia<Indent/>?"
131507,9442673,1078,599106,0,0,1,1,0,0,False,"","Aller aux appartements du palais du Meghaduta<Indent/>?"
131508,9560843,156,599222,0,0,1,1,0,0,False,"","Aller aux Huit Sentinelles<Indent/>?"
131509,9562657,959,0,0,0,1,1,0,0,False,"","Aller au Berceau des espoirs<Indent/>?"
131510,9562656,959,0,0,0,1,1,0,0,False,"","Aller au halot de Bestway<Indent/>?"
131511,9564012,958,0,0,0,1,1,0,0,False,"","Aller à Garlemald<Indent/>?"
131512,9564152,1119,0,0,0,1,1,0,0,False,"","Aller à Vicus Messorem<Indent/>?"
131513,9564147,1119,0,0,0,1,1,0,0,False,"","Aller au flanc du Mons Albus<Indent/>?"
131514,9564166,1119,0,0,0,1,1,0,0,False,"","Aller à Fons Manalis<Indent/>?"
131515,9564162,1119,0,0,0,1,1,0,0,False,"","Aller à Vicus Messorem<Indent/>?"
131516,9618821,957,0,0,0,1,1,0,0,False,"","Aller à Thavnair<Indent/>?"
131517,9686188,156,0,0,0,1,1,0,0,False,"","Quitter Eurêka Orthos<Indent/>?"
131518,9702463,137,599229,0,0,1,1,0,0,False,"Avancer les yeux fermés jusqu'à mi-chemin","Aller à mi-chemin<Indent/>?"
131519,9702464,137,599230,0,0,1,1,0,0,False,"Avancer les yeux fermés jusqu'à la ligne d'arrivée","Aller à la ligne d'arrivée<Indent/>?"
131520,9737573,156,0,0,0,1,1,0,0,False,"","Quitter Castrum Centri<Indent/>?"
131521,9737573,156,0,0,0,1,1,0,0,False,"","Quitter Castrum Centri<Indent/>?"
131522,9830193,1158,0,0,0,1,1,0,0,False,"","Aller à la Maternité démoniaque<Indent/>?"
131523,9830183,1079,0,0,0,1,1,0,0,False,"","Aller au Prisme de l'Aitia<Indent/>?"
131524,9387215,963,0,0,0,1,1,0,0,False,"","Aller à Radz-at-Han<Indent/>?"
131525,9878052,1160,0,0,0,1,1,0,0,False,"","Entrer dans la gare de Senatus<Indent/>?"
131526,9899262,958,0,0,0,1,1,0,0,False,"","Quitter la gare de Senatus<Indent/>?"
131527,9879485,959,0,0,0,1,1,0,0,False,"","Aller à Mare Lamentorum<Indent/>?"
131528,9906322,1162,0,0,0,1,1,0,0,False,"","Aller sur la lune rouge<Indent/>?"
131529,9906335,1162,0,0,0,1,1,0,0,False,"","Aller sur la lune rouge<Indent/>?"
131530,9387123,1094,599008,599007,0,67,1,0,0,False,"","Aller à la demeure de la femme à tête de citrouille<Indent/>?"
131531,7672498,809,599010,599009,0,67,1,0,0,False,"","Aller au manoir abandonné<Indent/>?"
131532,9387123,1094,599008,599025,0,1,1,0,0,False,"","Aller à la demeure de la femme à tête de citrouille<Indent/>?"
131533,10101802,1061,0,0,0,1,1,0,0,False,"","Aller à Omphalos<Indent/>?"
131534,10101800,1182,0,0,0,1,1,0,0,False,"","Aller à la sphère céleste de la bénédiction<Indent/>?"
131535,10110243,1162,0,0,0,1,1,0,0,False,"","Aller sur la lune rouge<Indent/>?"
131536,10110418,1184,0,0,0,1,1,0,0,False,"","Aller dans le Souterrain lunaire<Indent/>?"
131537,10122507,957,0,0,0,1,1,0,0,False,"","Aller à Thavnair<Indent/>?"
131538,10178706,331,599417,0,0,1,1,0,0,False,"","Se déplacer vers Hurlœil<Indent/>?"
131539,10215726,1197,599454,599432,0,65,1,0,0,False,"","Aller au square du Blunderville<Indent/>?"
131540,10215942,144,599455,0,0,1,1,0,0,False,"","Aller au square des merveilles<Indent/>?"
131541,10235909,507,0,0,0,1,1,0,0,False,"","Accéder au cœur d'Azys Lla<Indent/>?"
131542,10215726,1197,599470,599469,0,65,1,0,0,False,"","Aller au square du Blunderville<Indent/>?"
131543,10401200,1185,600281,0,0,1,1,0,0,False,"","Aller à Tuliyollal<Indent/>?"
131544,10500003,962,0,0,0,1,1,0,0,False,"","Aller à Vieille Sharlayan<Indent/>?"
131545,10400747,962,600285,0,0,1,1,0,0,False,"","Aller à Vieille Sharlayan<Indent/>?"
131546,10332803,1187,2033378,0,0,1,1,0,0,False,"","Aller à Urqopacha<Indent/>?"
131547,10401190,1188,600289,0,0,1,1,0,0,False,"","Aller à Kozama'uka<Indent/>?"
131548,10500001,1190,2033286,0,0,1,1,0,0,False,"","Aller en Shaaloani<Indent/>?"
131549,10553619,1189,2033245,0,0,1,1,0,0,False,"","Aller à Yak T'el<Indent/>?"
131550,10500007,1185,0,0,0,1,1,0,0,False,"","Sortir de la salle de l'Aurore<Indent/>?"
131551,10401196,1185,600293,0,0,1,1,0,0,False,"","Aller à Tuliyollal<Indent/>?"
131552,10809232,1185,0,0,0,1,1,0,0,False,"","Aller à Tuliyollal<Indent/>?"
131553,10553637,1222,0,0,0,1,1,0,0,False,"","Aller aux profondeurs du cénote des Cieux infinis<Indent/>?"
131554,10553605,1189,0,0,0,1,1,0,0,False,"","Sortir des profondeurs du cénote des Cieux infinis<Indent/>?"
131555,10500065,1190,0,0,0,1,1,0,0,False,"","Aller en Shaaloani<Indent/>?"
131556,10416519,1171,0,0,0,1,1,0,0,False,"","Aller au refuge des Cavernes célestes<Indent/>?"
131557,10500008,1191,0,0,0,1,1,0,0,False,"","Sortir du refuge des Cavernes célestes<Indent/>?"
131558,10560923,1207,599619,0,0,1,1,0,0,False,"","Aller au Repaire<Indent/>?"
131559,10414086,1186,0,0,0,1,1,0,0,False,"","Aller à Solution Neuf<Indent/>?"
131560,10553639,1222,0,0,0,1,1,0,0,False,"","Aller aux profondeurs du cénote des Cieux infinis<Indent/>?"
131561,10553695,1192,0,0,0,1,1,0,0,False,"","Aller à La Mémoire vivante<Indent/>?"
131562,10560989,1191,0,0,0,1,1,0,0,False,"","Aller à L'Hoirie recouvrée<Indent/>?"
131563,10553712,1192,0,0,0,1,1,0,0,False,"","Sortir de l'Écliptique dimensionnelle<Indent/>?"
131564,10438814,1186,0,0,0,1,1,0,0,False,"","Aller à Solution Neuf<Indent/>?"
131565,10438987,1186,0,0,0,1,1,0,0,False,"","Sortir des Trois Queues<Indent/>?"
131566,10439091,1223,0,0,0,1,1,0,0,False,"","Entrer aux Trois Queues<Indent/>?"
131567,10439451,1224,0,0,0,1,1,0,0,False,"","Entrer dans les locaux de la Société de l'Arcadion<Indent/>?"
131568,10585891,1192,599623,0,0,1,1,0,0,False,"","Aller à la Cité lacustre<Indent/>?"
131569,10585893,1192,599627,0,0,1,1,0,0,False,"","Aller à la porte du Souvenir<Indent/>?"
131570,10585894,1192,599624,0,0,1,1,0,0,False,"","Aller à Terre d'hier<Indent/>?"
131571,10585895,1192,599628,0,0,1,1,0,0,False,"","Aller à la porte du Souvenir<Indent/>?"
131572,10585897,1192,599625,0,0,1,1,0,0,False,"","Aller à l'Asile volcanique<Indent/>?"
131573,10585899,1192,599629,0,0,1,1,0,0,False,"","Aller à la porte du Souvenir<Indent/>?"
131574,10585900,1192,599626,0,0,1,1,0,0,False,"","Aller aux jardins de Soufflevent<Indent/>?"
131575,10585901,1192,599630,0,0,1,1,0,0,False,"","Aller à la porte du Souvenir<Indent/>?"
131576,10773747,1205,0,0,0,5,16,0,0,False,"Discuter",""
131577,10800559,1191,0,599937,0,66,1,0,0,False,"","Aller voir la chercheuse excentrique<Indent/>?"
131578,10811672,1185,0,0,0,1,1,0,0,False,"","Voulez-vous sortir<Indent/>?"
131579,10828046,137,600359,0,0,1,1,0,0,False,"Avancer les yeux fermés jusqu'à mi-chemin","Aller à mi-chemin<Indent/>?"
131580,10828047,137,600360,0,0,1,1,0,0,False,"Avancer les yeux fermés jusqu'à la ligne d'arrivée","Aller à la ligne d'arrivée<Indent/>?"
131581,10400747,962,0,0,0,1,1,0,0,False,"","Aller à Vieille Sharlayan<Indent/>?"
131582,10967698,1264,0,0,0,1,1,0,0,False,"","Aller au Bas Jeuno<Indent/>?"
131583,10967689,1189,0,0,0,1,1,0,0,False,"","Aller à Yak T'el<Indent/>?"
131584,10967699,1265,0,0,0,1,1,0,0,False,"","Aller au Bas Jeuno<Indent/>?"
131585,10973825,131,600660,0,0,1,1,0,0,False,"","Quitter la salle d'audition des Affranchis<Indent/>?"
131586,11053501,1191,0,0,0,1,1,0,0,False,"","Quitter Yuweyawata<Indent/>?"
131587,11111121,133,0,0,0,1,1,0,0,False,"","Aller à Vieille Gridania<Indent/>?"
131588,11111511,1247,600298,0,0,1,1,0,0,False,"","Aller au marché des étoiles<Indent/>?"
131589,11111518,1253,599566,0,0,1,1,0,0,False,"","Aller au marché des étoiles<Indent/>?"
131590,11489334,1191,0,0,0,1,1,0,0,False,"","Quitter Yuweyawata<Indent/>?"
131591,11532032,1186,0,0,0,1,1,0,0,False,"","Aller à Solution Neuf<Indent/>?"
131592,11537576,1278,600690,0,0,1,1,0,0,False,"","Aller à la ville fantôme<Indent/>?"
131593,11607519,1185,600691,0,0,1,1,0,0,False,"","Aller à Tuliyollal<Indent/>?"
131594,11537576,1269,600690,0,0,1,1,0,0,False,"","Aller à la ville fantôme<Indent/>?"
131595,11636266,1185,0,0,0,1,1,0,0,False,"","Aller à Tuliyollal<Indent/>?"
131596,11543384,1207,0,0,0,1,1,0,0,False,"","Aller au Repaire<Indent/>?"
131597,11555325,1186,0,0,0,1,1,0,0,False,"","Quitter la salle du trône séculaire<Indent/>?"
131598,11555325,1186,0,0,0,1,1,0,0,False,"","Quitter la salle du trône séculaire<Indent/>?"
131599,11543807,1268,0,0,0,1,1,0,0,False,"","Aller à la salle de repos<Indent/>?"
131600,11537576,1278,0,0,0,1,1,0,0,False,"","Attendre l'arrivée de l'expédition<Indent/>?"
131601,11820922,1189,600859,0,0,1,1,0,0,False,"","Aller près de l'entrée du Bas Jeuno<Indent/>?"
131602,11853006,1190,0,0,0,1,1,0,0,False,"","Aller en Shaaloani<Indent/>?"
131603,9383310,133,0,0,0,1,1,0,0,False,"","Sortir du manoir abandonné<Indent/>?"
131604,11850884,1309,600863,0,0,1,1,0,0,False,"","Aller au marché des étoiles<Indent/>?"
131605,11859210,1297,0,0,0,1,1,0,0,False,"","Aller à l'Autel de Zirgorteh<Indent/>?"
131606,11874637,1187,0,0,0,1,1,0,0,False,"","Aller à Urqopacha<Indent/>?"
131607,9387123,1094,599008,0,0,68,1,0,0,False,"","Aller à la demeure de la femme à tête de citrouille<Indent/>?"
131608,7672498,809,601023,0,0,68,1,0,0,False,"","Aller au manoir abandonné<Indent/>?"
131609,11860678,1192,0,0,0,1,1,0,0,False,"","Quitter la Nécropole intemporelle<Indent/>?"
131610,11955757,1299,601026,0,0,1,1,0,0,False,"","Aller à la division d'entreposage 10-29<Indent/>?"
131611,11956052,1186,0,0,0,1,1,0,0,False,"","Quitter la division d'entreposage 10-29<Indent/>?"
131612,11993531,816,0,0,0,1,1,0,0,False,"","Quitter le Sanctuaire des pèlerins<Indent/>?"
131613,12038587,1301,0,0,0,1,1,0,0,False,"","Aller aux Plaines venteuses<Indent/>?"
131614,12104172,1334,601198,0,0,1,1,0,0,False,"","Aller aux vestiges d'Alexandrie<Indent/>?"
131615,12104167,1192,601199,0,0,1,1,0,0,False,"","Aller à La Mémoire vivante<Indent/>?"
131616,12115398,1332,0,0,0,1,1,0,0,False,"","Aller à Tréno<Indent/>?"
131617,12104173,1334,0,0,0,1,1,0,0,False,"","Aller aux vestiges d'Alexandrie<Indent/>?"
131618,12175484,1337,0,0,0,1,1,0,0,False,"","Aller aux appartements de la belle demoiselle<Indent/>?"
131619,12175477,962,0,0,0,1,1,0,0,False,"","Aller à Vieille Sharlayan<Indent/>?"
131620,12248339,1344,0,0,0,1,1,0,0,False,"","Entrer aux Trois Queues<Indent/>?"
131621,10438987,1186,0,0,0,1,1,0,0,False,"","Sortir des Trois Queues<Indent/>?"
131622,12251900,1310,0,0,0,1,1,0,0,False,"","Aller sur le toit<Indent/>?"
131623,12251898,1310,0,0,0,1,1,0,0,False,"","Aller au rez-de-chaussée<Indent/>?"
131624,12251897,1310,0,0,0,1,1,0,0,False,"","Aller sur le toit<Indent/>?"
131625,12251895,1310,0,0,0,1,1,0,0,False,"","Aller au rez-de-chaussée<Indent/>?"
131626,12291209,1332,601200,0,0,1,1,0,0,False,"","Aller à Tréno<Indent/>?"
131627,12115398,1332,601253,0,0,1,1,0,0,False,"","Aller à Tréno<Indent/>?"
131628,12104167,1192,0,0,0,1,1,0,0,False,"","Aller à La Mémoire vivante<Indent/>?"
